B, M, K, N, latency
1, 24, 8192, 8192, 1.8997278170930864e-05
1, 24, 8192, 2048, 5.01578660860098e-06
8, 64, 128, 64, 1.1828403798463679e-07
8, 64, 64, 128, 1.1354140204439605e-07
8, 8, 128, 1, 2.517361111111111e-09
8, 8, 1, 128, 3.025146676344281e-08
8, 8, 128, 2, 3.7591623098499965e-08
8, 8, 2, 128, 3.13401983910966e-08
8, 8, 128, 4, 3.816637085677131e-08
8, 8, 4, 128, 3.242893001875038e-08
8, 8, 128, 8, 4.040459800096776e-08
8, 8, 8, 128, 3.460639327405794e-08
8, 8, 128, 16, 4.433668647553378e-08
8, 8, 16, 128, 3.9505685598499966e-08
8, 8, 128, 32, 5.32895950523196e-08
8, 8, 32, 128, 4.821553861973024e-08
8, 8, 128, 64, 6.901794895058368e-08
8, 8, 64, 128, 6.617961047601767e-08
8, 8, 128, 128, 1.0210775418859252e-07
8, 8, 128, 256, 1.6556553559547572e-07
8, 8, 256, 128, 1.6634292022016572e-07
8, 8, 128, 512, 2.67984636787032e-07
8, 8, 512, 128, 2.724942539164096e-07
8, 8, 128, 1024, 4.619355228936067e-07
8, 8, 1024, 128, 4.6628848363878305e-07
8, 8, 128, 2048, 7.817915683783947e-07
8, 8, 2048, 128, 8.119607754188592e-07
8, 8, 128, 4096, 1.4182374644650094e-06
8, 8, 4096, 128, 1.4695546785217446e-06
8, 8, 128, 8192, 2.690584890824412e-06
8, 8, 8192, 128, 2.7243178793927294e-06
8, 8, 128, 16384, 5.114430532873647e-06
8, 8, 16384, 128, 5.145657019294744e-06
8, 8, 128, 32768, 9.962121816972117e-06
8, 8, 32768, 128, 9.988335299098772e-06
8, 8, 128, 65536, 1.9657504385169056e-05
8, 8, 65536, 128, 1.9673691858706826e-05
8, 8, 128, 131072, 3.9048269521562935e-05
8, 8, 131072, 128, 3.904440497792294e-05
1, 24, 8192, 28672, 6.500707675557975e-05
1, 24, 28672, 8192, 6.529286880783886e-05
1, 48, 8192, 8192, 1.9605334784975505e-05
1, 48, 8192, 2048, 5.835057158410452e-06
8, 128, 128, 64, 1.7832093388979617e-07
8, 128, 64, 128, 1.677469303816609e-07
1, 48, 8192, 28672, 6.550626020685901e-05
1, 48, 28672, 8192, 6.682416984213391e-05
1, 96, 8192, 8192, 2.2883505715841044e-05
1, 96, 8192, 2048, 6.869352204681546e-06
8, 256, 128, 64, 2.907736043065384e-07
8, 256, 64, 128, 2.7016996310409486e-07
1, 96, 8192, 28672, 7.386880783886772e-05
1, 96, 28672, 8192, 7.587860642351661e-05
1, 192, 8192, 8192, 3.720685900925422e-05
1, 192, 8192, 2048, 1.0688622754491018e-05
8, 512, 128, 64, 4.884606544486784e-07
8, 512, 64, 128, 4.53241395995887e-07
1, 192, 8192, 28672, 0.00012346706586826347
1, 192, 28672, 8192, 0.00012689058247142079
1, 48, 8192, 4096, 1.0425149700598803e-05
1, 48, 8192, 1024, 3.2291780076211215e-06
4, 128, 128, 64, 1.0465251315550716e-07
4, 128, 64, 128, 1.0097622935946289e-07
4, 8, 128, 1, 1.2586805555555555e-09
4, 8, 1, 128, 2.91403556523317e-08
4, 8, 128, 2, 3.267496966294683e-08
4, 8, 2, 128, 2.91403556523317e-08
4, 8, 128, 4, 3.323235631010706e-08
4, 8, 4, 128, 3.022908727998548e-08
4, 8, 128, 8, 3.434712960442751e-08
4, 8, 8, 128, 3.131781890763927e-08
4, 8, 128, 16, 3.603231037924151e-08
4, 8, 16, 128, 3.349528216294683e-08
4, 8, 128, 32, 4.103576937035021e-08
4, 8, 32, 128, 3.8394574487388856e-08
4, 8, 128, 64, 4.886522409726003e-08
4, 8, 64, 128, 4.710442750861913e-08
4, 8, 128, 128, 6.506849936490655e-08
4, 8, 128, 256, 1.0019687896933406e-07
4, 8, 256, 128, 1.009966430774814e-07
4, 8, 128, 512, 1.628325167846126e-07
4, 8, 512, 128, 1.6523180910905462e-07
4, 8, 128, 1024, 2.6578479404826713e-07
4, 8, 1024, 128, 2.7138314280529847e-07
4, 8, 128, 2048, 4.5862456904373074e-07
4, 8, 2048, 128, 4.651773725276719e-07
4, 8, 128, 4096, 7.849682453275268e-07
4, 8, 4096, 128, 8.108496643077481e-07
4, 8, 128, 8192, 1.4256795499909273e-06
4, 8, 8192, 128, 1.4684435674106333e-06
4, 8, 128, 16384, 2.6913155507167485e-06
4, 8, 16384, 128, 2.7232067682816186e-06
4, 8, 128, 32768, 5.114803121030666e-06
4, 8, 32768, 128, 5.144545908183633e-06
4, 8, 128, 65536, 9.961778261658501e-06
4, 8, 65536, 128, 9.98722418798766e-06
4, 8, 128, 131072, 1.9655728542914172e-05
4, 8, 131072, 128, 1.9672580747595715e-05
1, 48, 4096, 8192, 1.040119760479042e-05
1, 48, 8192, 14336, 3.337561241154056e-05
1, 48, 14336, 8192, 3.4136091453456725e-05
1, 96, 8192, 4096, 1.238704409363092e-05
1, 96, 8192, 1024, 3.941752857920523e-06
4, 256, 128, 64, 1.6630012701868987e-07
4, 256, 64, 128, 1.5894755942660133e-07
1, 96, 4096, 8192, 1.2363091997822538e-05
1, 96, 8192, 14336, 3.817909635274905e-05
1, 96, 14336, 8192, 3.903157321720196e-05
1, 192, 8192, 4096, 1.9812193794229724e-05
1, 192, 8192, 1024, 6.0457267283614586e-06
4, 512, 128, 64, 2.819742333514789e-07
4, 512, 64, 128, 2.683578297949555e-07
1, 192, 4096, 8192, 1.9890582471420794e-05
1, 192, 8192, 14336, 6.308492106695699e-05
1, 192, 14336, 8192, 6.449755035383778e-05
1, 96, 8192, 512, 2.30647795318454e-06
2, 256, 128, 64, 1.0025282767797737e-07
2, 256, 64, 128, 9.979797979797981e-08
2, 8, 128, 1, 6.293402777777778e-10
2, 8, 1, 128, 2.8584800096776145e-08
2, 8, 128, 2, 3.0488825852083715e-08
2, 8, 2, 128, 2.8584800096776145e-08
2, 8, 128, 4, 3.0493166129861494e-08
2, 8, 4, 128, 2.8584800096776145e-08
2, 8, 128, 8, 3.104621249924394e-08
2, 8, 8, 128, 2.967353172442993e-08
2, 8, 128, 16, 3.215230523800883e-08
2, 8, 16, 128, 3.076226335208371e-08
2, 8, 128, 32, 3.490885652936551e-08
2, 8, 32, 128, 3.2939726607391274e-08
2, 8, 128, 64, 3.87888616705982e-08
2, 8, 64, 128, 3.78390189318333e-08
2, 8, 128, 128, 4.654887195306357e-08
2, 8, 128, 256, 6.424635577330187e-08
2, 8, 256, 128, 6.4512943809351e-08
2, 8, 128, 512, 1.0018568922760541e-07
2, 8, 512, 128, 1.0044108752192585e-07
2, 8, 128, 1024, 1.6335450311498217e-07
2, 8, 1024, 128, 1.6467625355349906e-07
2, 8, 128, 2048, 2.6846186415048694e-07
2, 8, 2048, 128, 2.7082758724974293e-07
2, 8, 128, 4096, 4.645230750619972e-07
2, 8, 4096, 128, 4.646218169721164e-07
2, 8, 128, 8192, 7.973096231778866e-07
2, 8, 8192, 128, 8.102941087521926e-07
2, 8, 128, 16384, 1.4509066715054738e-06
2, 8, 16384, 128, 1.4678880118550778e-06
2, 8, 128, 32768, 2.6905994072461137e-06
2, 8, 32768, 128, 2.722651212726063e-06
2, 8, 128, 65536, 5.113370834089397e-06
2, 8, 65536, 128, 5.143990352628077e-06
2, 8, 128, 131072, 9.958913687775963e-06
2, 8, 131072, 128, 9.986668632432105e-06
1, 96, 2048, 8192, 7.072945019052804e-06
1, 96, 8192, 7168, 2.0334240609689713e-05
1, 96, 7168, 8192, 2.2331518780620577e-05
1, 192, 8192, 512, 3.4093630919978226e-06
2, 512, 128, 64, 1.6512187745720678e-07
2, 512, 64, 128, 1.6475654751103853e-07
1, 192, 2048, 8192, 1.081273816004355e-05
1, 192, 8192, 7168, 3.2893848666303755e-05
1, 192, 7168, 8192, 3.653783342406097e-05
1, 192, 8192, 256, 2.0272182906913444e-06
1, 512, 128, 64, 1.0288513881328253e-07
1, 512, 64, 128, 1.0996189439303212e-07
1, 8, 128, 1, 3.146701388888889e-10
1, 8, 1, 128, 2.7762656505171477e-08
1, 8, 128, 2, 2.8851388132825257e-08
1, 8, 2, 128, 2.8307022318998365e-08
1, 8, 128, 4, 2.8851388132825257e-08
1, 8, 4, 128, 2.8307022318998365e-08
1, 8, 128, 8, 2.8851388132825257e-08
1, 8, 8, 128, 2.8307022318998365e-08
1, 8, 128, 16, 2.994011976047904e-08
1, 8, 16, 128, 2.939575394665215e-08
1, 8, 128, 32, 3.1573217201959714e-08
1, 8, 32, 128, 3.0484485574305937e-08
1, 8, 128, 64, 3.320631464344039e-08
1, 8, 64, 128, 3.26619488296135e-08
1, 8, 128, 128, 3.756124115405552e-08
1, 8, 128, 256, 4.57267283614589e-08
1, 8, 256, 128, 4.6271094175285794e-08
1, 8, 128, 512, 6.423516603157322e-08
1, 8, 512, 128, 6.423516603157322e-08
1, 8, 128, 1024, 1.0125204137180185e-07
1, 8, 1024, 128, 1.0016330974414807e-07
1, 8, 128, 2048, 1.6603157321720196e-07
1, 8, 2048, 128, 1.6439847577572129e-07
1, 8, 128, 4096, 2.743603701687534e-07
1, 8, 4096, 128, 2.7054980947196516e-07
1, 8, 128, 8192, 4.7196516058791506e-07
1, 8, 8192, 128, 4.643440391943386e-07
1, 8, 128, 16384, 8.007621121393577e-07
1, 8, 16384, 128, 8.100163309744148e-07
1, 8, 128, 32768, 1.4583560152422428e-06
1, 8, 32768, 128, 1.4676102340773e-06
1, 8, 128, 65536, 2.773543821448013e-06
1, 8, 65536, 128, 2.722373434948285e-06
1, 8, 128, 131072, 5.4039194338595535e-06
1, 8, 131072, 128, 5.1437125748503e-06
1, 192, 1024, 8192, 6.199237887860642e-06
1, 192, 8192, 3584, 1.7531301034295045e-05
1, 192, 3584, 8192, 1.9904735982580294e-05
1, 6, 8192, 8192, 1.8561785519869353e-05
1, 6, 8192, 2048, 4.856831790963527e-06
8, 16, 128, 64, 7.488946349724794e-08
8, 16, 64, 128, 7.139024980342345e-08
1, 6, 8192, 28672, 6.424496461622211e-05
1, 6, 28672, 8192, 6.4323897659227e-05
1, 12, 8192, 8192, 1.8635274904735982e-05
1, 12, 8192, 2048, 4.891126837234622e-06
8, 32, 128, 64, 9.751980886711425e-08
8, 32, 64, 128, 8.290026008588882e-08
1, 12, 8192, 28672, 6.444910179640718e-05
1, 12, 28672, 8192, 6.460424605334786e-05
1, 12, 8192, 4096, 9.472509526401741e-06
1, 12, 8192, 1024, 2.5846488840500818e-06
4, 32, 128, 64, 5.936944293231718e-08
4, 32, 64, 128, 5.6681183088368716e-08
1, 12, 4096, 8192, 9.438758845944475e-06
1, 12, 8192, 14336, 3.237942297223734e-05
1, 12, 14336, 8192, 3.253075666848122e-05
1, 24, 8192, 4096, 9.690800217746325e-06
1, 24, 8192, 1024, 2.6505171475231355e-06
4, 64, 128, 64, 7.08346942478679e-08
4, 64, 64, 128, 6.926873525675922e-08
1, 24, 4096, 8192, 9.626565051714752e-06
1, 24, 8192, 14336, 3.280021774632553e-05
1, 24, 14336, 8192, 3.3098530212302666e-05
1, 24, 8192, 512, 1.4866630375612412e-06
2, 64, 128, 64, 5.0648400169358255e-08
2, 64, 64, 128, 5.067077965281558e-08
1, 24, 2048, 8192, 4.9134458356015244e-06
1, 24, 8192, 7168, 1.6696788241698422e-05
1, 24, 7168, 8192, 1.668154599891127e-05
1, 48, 8192, 512, 1.8927599346761024e-06
2, 128, 128, 64, 6.482429081231477e-08
2, 128, 64, 128, 6.486904977922942e-08
1, 48, 2048, 8192, 5.765378334240609e-06
1, 48, 8192, 7168, 1.731028851388133e-05
1, 48, 7168, 8192, 1.779640718562874e-05
1, 48, 8192, 256, 1.1420794774088188e-06
1, 128, 128, 64, 4.844855743059336e-08
1, 128, 64, 128, 5.0081654872074034e-08
1, 48, 1024, 8192, 3.2351660315732174e-06
1, 48, 8192, 3584, 9.277626565051715e-06
1, 48, 3584, 8192, 9.675557974959173e-06
1, 96, 8192, 256, 1.4001088731627655e-06
1, 256, 128, 64, 6.423516603157322e-08
1, 256, 64, 128, 6.750136091453456e-08
1, 96, 1024, 8192, 3.999455634186173e-06
1, 96, 8192, 3584, 1.1007621121393576e-05
1, 96, 3584, 8192, 1.2545454545454545e-05
1, 96, 512, 8192, 2.4447468698965706e-06
1, 96, 8192, 1792, 6.316276537833424e-06
1, 96, 1792, 8192, 7.547087642896026e-06
1, 192, 512, 8192, 3.7713663581927057e-06
1, 192, 8192, 1792, 9.708764289602614e-06
1, 192, 1792, 8192, 1.2454001088731628e-05
1, 192, 256, 8192, 2.4801306477953183e-06
1, 192, 8192, 896, 5.797495917256396e-06
1, 192, 896, 8192, 7.569951007076756e-06
1, 32, 8192, 8192, 1.917147523135547e-05
1, 32, 8192, 2048, 5.277082199237888e-06
8, 128, 128, 128, 2.5974475291840564e-07
1, 32, 8192, 28672, 6.516766467065868e-05
1, 32, 28672, 8192, 6.597332607512248e-05
1, 64, 8192, 8192, 2.0086554164398476e-05
1, 64, 8192, 2048, 5.988568317909635e-06
8, 256, 128, 128, 4.0027339260872197e-07
1, 64, 8192, 28672, 6.650244964616222e-05
1, 64, 28672, 8192, 6.744093630919979e-05
1, 128, 8192, 8192, 2.6704409363092e-05
1, 128, 8192, 2048, 8.101252041371802e-06
8, 512, 128, 128, 6.704433557128168e-07
1, 128, 8192, 28672, 8.706369080021775e-05
1, 128, 28672, 8192, 8.993467610234078e-05
1, 256, 8192, 8192, 4.814099074578117e-05
1, 256, 8192, 2048, 1.3459444746869896e-05
8, 1024, 128, 128, 1.162334724490413e-06
1, 256, 8192, 28672, 0.00016137996733805117
1, 256, 28672, 8192, 0.00016559880239520958
1, 64, 8192, 4096, 1.0690800217746325e-05
1, 64, 8192, 1024, 3.321175830157866e-06
4, 256, 128, 128, 2.3461440754853928e-07
1, 64, 4096, 8192, 1.0489929232444203e-05
1, 64, 8192, 14336, 3.41801850843767e-05
1, 64, 14336, 8192, 3.4538377789874796e-05
1, 128, 8192, 4096, 1.4632553075666848e-05
1, 128, 8192, 1024, 4.661404463799673e-06
4, 512, 128, 128, 3.821302848847759e-07
1, 128, 4096, 8192, 1.478116494284159e-05
1, 128, 8192, 14336, 4.4812193794229725e-05
1, 128, 14336, 8192, 4.604572672836146e-05
1, 256, 8192, 4096, 2.5211213935764835e-05
1, 256, 8192, 1024, 7.457267283614589e-06
4, 1024, 128, 128, 6.493993830520777e-07
1, 256, 4096, 8192, 2.5431682090364724e-05
1, 256, 8192, 14336, 8.211268372346217e-05
1, 256, 14336, 8192, 8.382199237887861e-05
1, 128, 8192, 512, 2.683179096352749e-06
2, 512, 128, 128, 2.328022742394e-07
1, 128, 2048, 8192, 8.268916712030485e-06
1, 128, 8192, 7168, 2.368644529123571e-05
1, 128, 7168, 8192, 2.613990201415351e-05
1, 256, 8192, 512, 4.1486118671747416e-06
2, 1024, 128, 128, 3.659856045484788e-07
1, 256, 2048, 8192, 1.3526946107784431e-05
1, 256, 8192, 7168, 4.2479041916167664e-05
1, 256, 7168, 8192, 4.514752313554709e-05
1, 256, 8192, 256, 2.488296135002722e-06
1, 1024, 128, 128, 2.2427871529667937e-07
1, 256, 1024, 8192, 7.5672291780076215e-06
1, 256, 8192, 3584, 2.22732716385411e-05
1, 256, 3584, 8192, 2.4249863908546542e-05
1, 8, 8192, 8192, 1.8620577027762656e-05
1, 8, 8192, 2048, 4.876428960261296e-06
8, 32, 128, 128, 1.3461501239944354e-07
1, 8, 8192, 28672, 6.443440391943386e-05
1, 8, 28672, 8192, 6.456777354382145e-05
1, 16, 8192, 8192, 1.8845400108873164e-05
1, 16, 8192, 2048, 4.95100707675558e-06
8, 64, 128, 128, 1.7832093388979617e-07
1, 16, 8192, 28672, 6.479695155144257e-05
1, 16, 28672, 8192, 6.499564507348939e-05
1, 16, 8192, 4096, 9.582471420794775e-06
1, 16, 8192, 1024, 2.607512248230811e-06
4, 64, 128, 128, 1.0465251315550716e-07
1, 16, 4096, 8192, 9.542188350571584e-06
1, 16, 8192, 14336, 3.2681545998911266e-05
1, 16, 14336, 8192, 3.280021774632553e-05
1, 32, 8192, 4096, 9.908546543277082e-06
1, 32, 8192, 1024, 2.894393032117583e-06
4, 128, 128, 128, 1.4996915260388315e-07
1, 32, 4096, 8192, 9.802939575394666e-06
1, 32, 8192, 14336, 3.306586826347305e-05
1, 32, 14336, 8192, 3.325476320087099e-05
1, 32, 8192, 512, 1.587915078933043e-06
2, 128, 128, 128, 9.2087340470574e-08
1, 32, 2048, 8192, 5.204681545998912e-06
1, 32, 8192, 7168, 1.6855743059335874e-05
1, 32, 7168, 8192, 1.717691888949374e-05
1, 64, 8192, 512, 1.954273271638541e-06
2, 256, 128, 128, 1.4116978164882354e-07
1, 64, 2048, 8192, 5.877517691888949e-06
1, 64, 8192, 7168, 1.7737615677735437e-05
1, 64, 7168, 8192, 1.8052803483941208e-05
1, 64, 8192, 256, 1.1981491562329885e-06
1, 256, 128, 128, 9.090909090909091e-08
1, 64, 1024, 8192, 3.3135547087642896e-06
1, 64, 8192, 3584, 9.519324986390854e-06
1, 64, 3584, 8192, 9.88078388677191e-06
1, 128, 8192, 256, 1.6156777354382145e-06
1, 512, 128, 128, 1.4697876973326074e-07
1, 128, 1024, 8192, 4.929776810016331e-06
1, 128, 8192, 3584, 1.3109961894393032e-05
1, 128, 3584, 8192, 1.4569406641262928e-05
1, 128, 512, 8192, 2.865541643984758e-06
1, 128, 8192, 1792, 7.468698965704954e-06
1, 128, 1792, 8192, 9.057158410451824e-06
1, 256, 512, 8192, 4.586281981491562e-06
1, 256, 8192, 1792, 1.2138813282525858e-05
1, 256, 1792, 8192, 1.4298856831790963e-05
1, 256, 256, 8192, 2.890582471420795e-06
1, 256, 8192, 896, 6.7093086554164395e-06
1, 256, 896, 8192, 9.37996733805117e-06
8, 256, 128, 256, 6.181842375854351e-07
8, 256, 256, 128, 6.348950583681123e-07
8, 512, 128, 256, 1.0159003205709792e-06
8, 512, 256, 128, 1.0558543519022561e-06
8, 1024, 128, 256, 1.8178648763079901e-06
8, 1024, 256, 128, 1.7665807778382628e-06
1, 384, 8192, 8192, 6.971638541099619e-05
1, 384, 8192, 2048, 1.906314643440392e-05
8, 2048, 128, 256, 3.362458114074881e-06
8, 2048, 256, 128, 3.100390733684147e-06
1, 384, 8192, 28672, 0.00023618345127925967
1, 384, 28672, 8192, 0.00024182416984213392
4, 512, 128, 256, 5.541353656323717e-07
4, 512, 256, 128, 5.993322446017057e-07
4, 1024, 128, 256, 1.0010306659408456e-06
4, 1024, 256, 128, 1.020112502268191e-06
1, 384, 8192, 4096, 3.613445835601524e-05
1, 384, 8192, 1024, 1.034131736526946e-05
4, 2048, 128, 256, 1.8137107602975866e-06
4, 2048, 256, 128, 1.722859735075304e-06
1, 384, 4096, 8192, 3.622591181273816e-05
1, 384, 8192, 14336, 0.00011965650517147523
1, 384, 14336, 8192, 0.0001218764289602613
2, 1024, 128, 256, 5.822706102945624e-07
2, 1024, 256, 128, 5.782882719409665e-07
1, 384, 8192, 512, 5.658138268916712e-06
2, 2048, 128, 256, 1.0110300610899414e-06
2, 2048, 256, 128, 9.95988628803e-07
1, 384, 2048, 8192, 1.9474142623843224e-05
1, 384, 8192, 7168, 6.139303211758302e-05
1, 384, 7168, 8192, 6.443821448013065e-05
1, 384, 8192, 256, 3.3097441480675012e-06
1, 2048, 128, 256, 5.868263473053893e-07
1, 2048, 256, 128, 5.802939575394666e-07
1, 384, 1024, 8192, 1.1100163309744148e-05
1, 384, 8192, 3584, 3.186663037561241e-05
1, 384, 3584, 8192, 3.704300489929233e-05
8, 64, 128, 256, 2.9022923849271156e-07
8, 64, 256, 128, 2.942708522349241e-07
8, 128, 128, 256, 4.0027339260872197e-07
8, 128, 256, 128, 4.2142139962499244e-07
4, 128, 128, 256, 2.3461440754853928e-07
4, 128, 256, 128, 2.419669751406278e-07
4, 256, 128, 256, 3.5055706768281617e-07
4, 256, 256, 128, 3.6471783705316645e-07
2, 256, 128, 256, 2.1647129982459325e-07
2, 256, 256, 128, 2.168366297707615e-07
2, 512, 128, 256, 3.1808141293171235e-07
2, 512, 256, 128, 3.4657472932922033e-07
1, 512, 128, 256, 2.0032661948829614e-07
1, 512, 256, 128, 2.1502449646162222e-07
1, 1024, 128, 256, 3.734349482852477e-07
1, 1024, 256, 128, 3.3043004899292325e-07
1, 384, 512, 8192, 6.437125748502994e-06
1, 384, 8192, 1792, 1.7062057702776266e-05
1, 384, 1792, 8192, 2.2239520958083833e-05
1, 384, 256, 8192, 4.0010887316276535e-06
1, 384, 8192, 896, 9.516603157321721e-06
1, 384, 896, 8192, 1.3670658682634731e-05
1, 80, 8192, 8192, 2.2743603701687533e-05
1, 80, 8192, 2048, 6.7882416984213395e-06
8, 512, 128, 512, 1.7607064658561665e-06
8, 512, 512, 128, 1.6818750378031815e-06
1, 80, 8192, 28672, 7.34676102340773e-05
1, 80, 28672, 8192, 7.523462166575939e-05
1, 160, 8192, 8192, 3.5297223734349485e-05
1, 160, 8192, 2048, 9.945019052803484e-06
8, 1024, 128, 512, 3.1125942055283373e-06
8, 1024, 512, 128, 2.895595475715236e-06
1, 160, 8192, 28672, 0.00011947904191616767
1, 160, 28672, 8192, 0.000121971692977681
1, 320, 8192, 8192, 5.8874251497005986e-05
1, 320, 8192, 2048, 1.6266739248775177e-05
8, 2048, 128, 512, 5.797861247202565e-06
8, 2048, 512, 128, 5.079160466944898e-06
1, 320, 8192, 28672, 0.000198591181273816
1, 320, 28672, 8192, 0.0002034735982580294
1, 640, 8192, 8192, 0.00011416875340228634
1, 640, 8192, 2048, 3.0462710941752857e-05
8, 4096, 128, 512, 1.1168395330551019e-05
8, 4096, 512, 128, 9.039649186475533e-06
1, 640, 8192, 28672, 0.00039318889493739794
1, 640, 28672, 8192, 0.0004027289058247142
1, 160, 8192, 4096, 1.839575394665215e-05
1, 160, 8192, 1024, 5.440936309199782e-06
4, 1024, 128, 512, 1.6650988931228453e-06
4, 1024, 512, 128, 1.6243585556160405e-06
1, 160, 4096, 8192, 1.8718562874251497e-05
1, 160, 8192, 14336, 6.064942841589548e-05
1, 160, 14336, 8192, 6.205225911812738e-05
1, 320, 8192, 4096, 3.0683723462166575e-05
1, 320, 8192, 1024, 8.904191616766467e-06
4, 2048, 128, 512, 3.116262021411722e-06
4, 2048, 512, 128, 2.815946289239703e-06
1, 320, 4096, 8192, 3.076810016330974e-05
1, 320, 8192, 14336, 0.00010078933043004899
1, 320, 14336, 8192, 0.00010273543821448014
1, 640, 8192, 4096, 5.8364725095264016e-05
1, 640, 8192, 1024, 1.630266739248775e-05
4, 4096, 128, 512, 6.018588277989476e-06
4, 4096, 512, 128, 4.991174015605153e-06
1, 640, 4096, 8192, 5.966303756124115e-05
1, 640, 8192, 14336, 0.0001978747958628198
1, 640, 14336, 8192, 0.00020158356015242244
1, 320, 8192, 512, 4.905824714207948e-06
2, 2048, 128, 512, 1.7242920220165729e-06
2, 2048, 512, 128, 1.5806375128530817e-06
1, 320, 2048, 8192, 1.6716929776810015e-05
1, 320, 8192, 7168, 5.188840500816549e-05
1, 320, 7168, 8192, 5.600326619488296e-05
1, 640, 8192, 512, 8.773543821448013e-06
2, 4096, 128, 512, 3.335355954757152e-06
2, 4096, 512, 128, 2.8406435613621243e-06
1, 640, 2048, 8192, 3.228089275993467e-05
1, 640, 8192, 7168, 0.00010021774632553076
1, 640, 7168, 8192, 0.00010935166031573218
1, 640, 8192, 256, 5.025585193249864e-06
1, 4096, 128, 512, 1.99129014697877e-06
1, 4096, 512, 128, 1.6891671203048448e-06
1, 640, 1024, 8192, 1.753402286336418e-05
1, 640, 8192, 3584, 5.1389221556886226e-05
1, 640, 3584, 8192, 6.048013064779532e-05
1, 20, 8192, 8192, 1.8918889493739794e-05
1, 20, 8192, 2048, 4.978769733260751e-06
8, 128, 128, 512, 6.69354624085163e-07
8, 128, 512, 128, 6.805395270065929e-07
1, 20, 8192, 28672, 6.490255851932498e-05
1, 20, 28672, 8192, 6.514480130647796e-05
1, 40, 8192, 8192, 1.9524224278715298e-05
1, 40, 8192, 2048, 5.75122482308111e-06
8, 256, 128, 512, 1.0159003205709792e-06
8, 256, 512, 128, 1.0137736647916288e-06
1, 40, 8192, 28672, 6.529450190528035e-05
1, 40, 28672, 8192, 6.639031028851388e-05
1, 40, 8192, 4096, 1.0370168753402286e-05
1, 40, 8192, 1024, 3.17691888949374e-06
4, 256, 128, 512, 5.541353656323717e-07
4, 256, 512, 128, 5.993395028125568e-07
1, 40, 4096, 8192, 1.0370168753402286e-05
1, 40, 8192, 14336, 3.3255307566684814e-05
1, 40, 14336, 8192, 3.3835057158410455e-05
1, 80, 8192, 4096, 1.2260206859009254e-05
1, 80, 8192, 1024, 3.865541643984758e-06
4, 512, 128, 512, 9.547595717655597e-07
4, 512, 512, 128, 9.847432407911449e-07
1, 80, 4096, 8192, 1.2241154055525313e-05
1, 80, 8192, 14336, 3.796080566140446e-05
1, 80, 14336, 8192, 3.87185628742515e-05
1, 80, 8192, 512, 2.2596624931954274e-06
2, 512, 128, 512, 5.588628803000061e-07
2, 512, 512, 128, 5.637766890461501e-07
1, 80, 2048, 8192, 6.957539466521503e-06
1, 80, 8192, 7168, 2.0207403375068046e-05
1, 80, 7168, 8192, 2.2032117583015788e-05
1, 160, 8192, 512, 3.089820359281437e-06
2, 1024, 128, 512, 9.157660436702353e-07
2, 1024, 512, 128, 9.490013911570797e-07
1, 160, 2048, 8192, 1.0069678824169842e-05
1, 160, 8192, 7168, 3.107185628742515e-05
1, 160, 7168, 8192, 3.3566140446379966e-05
1, 160, 8192, 256, 1.945019052803484e-06
1, 1024, 128, 512, 5.389221556886228e-07
1, 1024, 512, 128, 5.42732716385411e-07
1, 160, 1024, 8192, 5.833424060968971e-06
1, 160, 8192, 3584, 1.6283070223189984e-05
1, 160, 3584, 8192, 1.8524224278715297e-05
1, 320, 8192, 256, 2.9537289058247144e-06
1, 2048, 128, 512, 1.0239520958083833e-06
1, 2048, 512, 128, 9.248775176918889e-07
1, 320, 1024, 8192, 9.305389221556886e-06
1, 320, 8192, 3584, 2.7079477408818725e-05
1, 320, 3584, 8192, 3.1304300489929235e-05
1, 320, 512, 8192, 5.779531845400109e-06
1, 320, 8192, 1792, 1.4598802395209582e-05
1, 320, 1792, 8192, 1.7944474686989656e-05
1, 640, 512, 8192, 1.0980402830702231e-05
1, 640, 8192, 1792, 2.711594991834513e-05
1, 640, 1792, 8192, 3.430593358737071e-05
1, 640, 256, 8192, 6.321720195971693e-06
1, 640, 8192, 896, 1.428524768644529e-05
1, 640, 896, 8192, 2.2941208492106696e-05
1, 144, 8192, 8192, 3.5130647795318456e-05
1, 144, 8192, 2048, 9.876428960261295e-06
8, 1024, 128, 1024, 5.797861247202565e-06
8, 1024, 1024, 128, 4.916825742454485e-06
1, 144, 8192, 28672, 0.0001187267283614589
1, 144, 28672, 8192, 0.00012102340772999455
1, 288, 8192, 8192, 5.86113228089276e-05
1, 288, 8192, 2048, 1.6123571039738703e-05
8, 2048, 128, 1024, 1.1168395330551019e-05
8, 2048, 1024, 128, 8.612094598681425e-06
1, 288, 8192, 28672, 0.00019784921066956995
1, 288, 28672, 8192, 0.0002023135547087643
1, 576, 8192, 8192, 0.00010318290691344583
1, 576, 8192, 2048, 2.7609689711486118e-05
8, 4096, 128, 1024, 2.190946349724793e-05
8, 4096, 1024, 128, 1.564117341075425e-05
1, 576, 8192, 28672, 0.0003550936309199782
1, 576, 28672, 8192, 0.00036390201415351114
1, 1152, 8192, 8192, 0.00020662710941752858
1, 1152, 8192, 2048, 5.389330430048993e-05
8, 8192, 128, 1024, 4.3391599830641745e-05
8, 8192, 1024, 128, 2.87216500332668e-05
1, 1152, 8192, 28672, 0.0007157397931409908
1, 1152, 28672, 8192, 0.0007330152422427872
1, 288, 8192, 4096, 3.0468698965704953e-05
1, 288, 8192, 1024, 8.737615677735439e-06
4, 2048, 128, 1024, 6.018588277989476e-06
4, 2048, 1024, 128, 4.794716022500454e-06
1, 288, 4096, 8192, 3.054491017964072e-05
1, 288, 8192, 14336, 0.0001003826891671203
1, 288, 14336, 8192, 0.00010216330974414807
1, 576, 8192, 4096, 5.2800762112139356e-05
1, 576, 8192, 1024, 1.4813826891671202e-05
4, 4096, 128, 1024, 1.1823240791144983e-05
4, 4096, 1024, 128, 8.470760297586645e-06
1, 576, 4096, 8192, 5.398965704953729e-05
1, 576, 8192, 14336, 0.00017875612411540556
1, 576, 14336, 8192, 0.00018485356559608056
1, 1152, 8192, 4096, 0.00010480457267283615
1, 1152, 8192, 1024, 2.8437670114316822e-05
4, 8192, 128, 1024, 2.3432545817455996e-05
4, 8192, 1024, 128, 1.5660627835238614e-05
1, 1152, 4096, 8192, 0.00010648775176918889
1, 1152, 8192, 14336, 0.00035936091453456725
1, 1152, 14336, 8192, 0.000365380511703865
1, 576, 8192, 512, 7.996189439303212e-06
2, 4096, 128, 1024, 6.2695143047238854e-06
2, 4096, 1024, 128, 4.706729571160708e-06
1, 576, 2048, 8192, 2.8369080021774633e-05
1, 576, 8192, 7168, 9.058737071311921e-05
1, 576, 7168, 8192, 9.752095808383234e-05
1, 1152, 8192, 512, 1.5129014697876973e-05
2, 8192, 128, 1024, 1.2325092844613802e-05
2, 8192, 1024, 128, 8.566425936006774e-06
1, 1152, 2048, 8192, 5.73462166575939e-05
1, 1152, 8192, 7168, 0.00018117147523135548
1, 1152, 7168, 8192, 0.00019142025040827436
1, 1152, 8192, 256, 8.620577027762657e-06
1, 8192, 128, 1024, 7.456178551986935e-06
1, 8192, 1024, 128, 4.9384866630375615e-06
1, 1152, 1024, 8192, 3.286717474142624e-05
1, 1152, 8192, 3584, 9.228688078388677e-05
1, 1152, 3584, 8192, 0.00010735492651061514
1, 36, 8192, 8192, 1.9501360914534568e-05
1, 36, 8192, 2048, 5.720740337506805e-06
8, 256, 128, 1024, 1.8178648763079901e-06
8, 256, 1024, 128, 1.681166152543398e-06
1, 36, 8192, 28672, 6.524986390854655e-05
1, 36, 28672, 8192, 6.624169842133915e-05
1, 72, 8192, 8192, 2.2682090364725096e-05
1, 72, 8192, 2048, 6.750680457267284e-06
8, 512, 128, 1024, 3.1125942055283373e-06
8, 512, 1024, 128, 2.810889735680155e-06
1, 72, 8192, 28672, 7.329722373434949e-05
1, 72, 28672, 8192, 7.495645073489384e-05
1, 72, 8192, 4096, 1.220304844855743e-05
1, 72, 8192, 1024, 3.833424060968971e-06
4, 512, 128, 1024, 1.6650988931228453e-06
4, 512, 1024, 128, 1.6107639266920705e-06
1, 72, 4096, 8192, 1.218399564507349e-05
1, 72, 8192, 14336, 3.786663037561241e-05
1, 72, 14336, 8192, 3.8579749591725636e-05
1, 144, 8192, 4096, 1.829450190528035e-05
1, 144, 8192, 1024, 5.380511703864997e-06
4, 1024, 128, 1024, 3.116262021411722e-06
4, 1024, 1024, 128, 2.753373253493014e-06
1, 144, 4096, 8192, 1.856559608056614e-05
1, 144, 8192, 14336, 6.038486663037561e-05
1, 144, 14336, 8192, 6.15830157866086e-05
1, 144, 8192, 512, 3.051170386499728e-06
2, 1024, 128, 1024, 1.6791096594689409e-06
2, 1024, 1024, 128, 1.5532474445049294e-06
1, 144, 2048, 8192, 9.964616222101253e-06
1, 144, 8192, 7168, 3.092161132280893e-05
1, 144, 7168, 8192, 3.323244420250408e-05
1, 288, 8192, 512, 4.805661404463799e-06
2, 2048, 128, 1024, 3.215595475715236e-06
2, 2048, 1024, 128, 2.6737240670174803e-06
1, 288, 2048, 8192, 1.6511703864997277e-05
1, 288, 8192, 7168, 5.1649428415895485e-05
1, 288, 7168, 8192, 5.547087642896026e-05
1, 288, 8192, 256, 2.889493739793141e-06
1, 2048, 128, 1024, 1.9314099074578114e-06
1, 2048, 1024, 128, 1.5095264017419706e-06
1, 288, 1024, 8192, 9.130647795318454e-06
1, 288, 8192, 3584, 2.688241698421339e-05
1, 288, 3584, 8192, 3.079422972237344e-05
1, 576, 8192, 256, 4.855198693522047e-06
1, 4096, 128, 1024, 3.7817093086554163e-06
1, 4096, 1024, 128, 2.698421339139902e-06
1, 576, 1024, 8192, 1.6932498639085466e-05
1, 576, 8192, 3584, 4.6502994011976045e-05
1, 576, 3584, 8192, 5.266467065868264e-05
1, 576, 512, 8192, 9.934676102340773e-06
1, 576, 8192, 1792, 2.4586281981491564e-05
1, 576, 1792, 8192, 3.2979858464888406e-05
1, 1152, 512, 8192, 1.9034295046271094e-05
1, 1152, 8192, 1792, 4.741317365269461e-05
1, 1152, 1792, 8192, 6.363581927054981e-05
1, 1152, 256, 8192, 1.102994011976048e-05
1, 1152, 8192, 896, 2.514044637996734e-05
1, 1152, 896, 8192, 4.084703320631464e-05
1, 272, 8192, 8192, 5.848013064779532e-05
1, 272, 8192, 2048, 1.605117038649973e-05
8, 2048, 128, 2048, 2.190946349724793e-05
8, 2048, 2048, 128, 1.5316503961773422e-05
1, 272, 8192, 28672, 0.00019747849755035385
1, 272, 28672, 8192, 0.000201704409363092
1, 544, 8192, 8192, 0.00010288513881328253
1, 544, 8192, 2048, 2.74817637452368e-05
8, 4096, 128, 2048, 4.3391599830641745e-05
8, 4096, 2048, 128, 2.8014608359039495e-05
1, 544, 8192, 28672, 0.00035422972237343495
1, 544, 28672, 8192, 0.00036254273271638544
1, 1088, 8192, 8192, 0.00020575775721284705
1, 1088, 8192, 2048, 5.3131736526946105e-05
8, 8192, 128, 2048, 8.635587249742939e-05
8, 8192, 2048, 128, 5.341081715357165e-05
1, 1088, 8192, 28672, 0.0007145111594991834
1, 1088, 28672, 8192, 0.0007313140990745781
1, 2176, 8192, 8192, 0.00038267065868263474
1, 2176, 8192, 2048, 9.790419161676647e-05
8, 16384, 128, 2048, 0.00017228441783100466
8, 16384, 2048, 128, 0.00010420323474263594
1, 2176, 8192, 28672, 0.0013318922155688623
1, 2176, 28672, 8192, 0.0013629553620032662
1, 544, 8192, 4096, 5.261622210125204e-05
1, 544, 8192, 1024, 1.469678824169842e-05
4, 4096, 128, 2048, 2.3432545817455996e-05
4, 4096, 2048, 128, 1.507228452186536e-05
1, 544, 4096, 8192, 5.372781709308655e-05
1, 544, 8192, 14336, 0.00017828851388132825
1, 544, 14336, 8192, 0.00018419978225367448
1, 1088, 8192, 4096, 0.00010400707675557975
1, 1088, 8192, 1024, 2.7694066412629288e-05
4, 8192, 128, 2048, 4.6651155870078025e-05
4, 8192, 2048, 128, 2.7583872255489022e-05
1, 1088, 4096, 8192, 0.00010600108873162765
1, 1088, 8192, 14336, 0.00035838377789874795
1, 1088, 14336, 8192, 0.00036419324986390855
1, 2176, 8192, 4096, 0.00019282634730538923
1, 2176, 8192, 1024, 5.044311377245509e-05
4, 16384, 128, 2048, 9.308837597532208e-05
4, 16384, 2048, 128, 5.2607047722736346e-05
1, 2176, 4096, 8192, 0.00019737506804572673
1, 2176, 8192, 14336, 0.000667437125748503
1, 2176, 14336, 8192, 0.000678534567229178
1, 1088, 8192, 512, 1.4819270549809472e-05
2, 8192, 128, 2048, 2.398932559124176e-05
2, 8192, 2048, 128, 1.5091738946349724e-05
1, 1088, 2048, 8192, 5.612465977136636e-05
1, 1088, 8192, 7168, 0.00018032008709853022
1, 1088, 7168, 8192, 0.00019068317909635274
1, 2176, 8192, 512, 2.6482852476864454e-05
2, 16384, 128, 2048, 4.769340349603822e-05
2, 16384, 2048, 128, 2.8902585132764773e-05
1, 2176, 2048, 8192, 0.0001056597713663582
1, 2176, 8192, 7168, 0.00033520958083832334
1, 2176, 7168, 8192, 0.00035555743059335876
1, 2176, 8192, 256, 1.2543821448013065e-05
1, 16384, 128, 2048, 3.22591181273816e-05
1, 16384, 2048, 128, 1.9796407185628742e-05
1, 2176, 1024, 8192, 5.990255851932498e-05
1, 2176, 8192, 3584, 0.00016957158410451823
1, 2176, 3584, 8192, 0.0001969793140990746
1, 68, 8192, 8192, 2.304681545998911e-05
1, 68, 8192, 2048, 6.728905824714208e-06
8, 512, 128, 2048, 5.797861247202565e-06
8, 512, 2048, 128, 4.767340470574004e-06
1, 68, 8192, 28672, 7.318181818181818e-05
1, 68, 28672, 8192, 7.480293957539467e-05
1, 136, 8192, 8192, 3.504354926510615e-05
1, 136, 8192, 2048, 9.841589548176375e-06
8, 1024, 128, 2048, 1.1168395330551019e-05
8, 1024, 2048, 128, 8.416009193733745e-06
1, 136, 8192, 28672, 0.000118465432770822
1, 136, 28672, 8192, 0.00012066739248775177
1, 136, 8192, 4096, 1.8242242787152967e-05
1, 136, 8192, 1024, 5.351115949918345e-06
4, 1024, 128, 2048, 6.018588277989476e-06
4, 1024, 2048, 128, 4.774603520232263e-06
1, 136, 4096, 8192, 1.8508982035928145e-05
1, 136, 8192, 14336, 6.024550898203593e-05
1, 136, 14336, 8192, 6.140990745781165e-05
1, 272, 8192, 4096, 3.035928143712575e-05
1, 272, 8192, 1024, 8.688622754491019e-06
4, 2048, 128, 2048, 1.1823240791144983e-05
4, 2048, 2048, 128, 8.327650154236981e-06
1, 272, 4096, 8192, 3.0431682090364723e-05
1, 272, 8192, 14336, 0.00010017964071856287
1, 272, 14336, 8192, 0.00010187207403375068
1, 272, 8192, 512, 4.772999455634186e-06
2, 2048, 128, 2048, 6.185681969394544e-06
2, 2048, 2048, 128, 4.652493800278232e-06
1, 272, 2048, 8192, 1.6407185628742514e-05
1, 272, 8192, 7168, 5.153021230266739e-05
1, 272, 7168, 8192, 5.519324986390855e-05
1, 544, 8192, 512, 7.920522591181274e-06
2, 4096, 128, 2048, 1.2137286638843524e-05
2, 4096, 2048, 128, 8.1863158531422e-06
1, 544, 2048, 8192, 2.817310832879695e-05
1, 544, 8192, 7168, 9.031790963527491e-05
1, 544, 7168, 8192, 9.691834512792596e-05
1, 544, 8192, 256, 4.7762656505171475e-06
1, 4096, 128, 2048, 7.360914534567229e-06
1, 4096, 2048, 128, 4.564507348938486e-06
1, 544, 1024, 8192, 1.676701143168209e-05
1, 544, 8192, 3584, 4.633260751224823e-05
1, 544, 3584, 8192, 5.2171475231355474e-05
1, 1088, 8192, 256, 8.486118671747415e-06
1, 8192, 128, 2048, 1.4635274904735982e-05
1, 8192, 2048, 128, 8.28198149156233e-06
1, 1088, 1024, 8192, 3.238813282525857e-05
1, 1088, 8192, 3584, 9.121774632553076e-05
1, 1088, 3584, 8192, 0.00010383287969515514
1, 1088, 512, 8192, 1.7990201415351115e-05
1, 1088, 8192, 1792, 4.6739793140990745e-05
1, 1088, 1792, 8192, 6.244420250408274e-05
1, 2176, 512, 8192, 3.597223734349483e-05
1, 2176, 8192, 1792, 8.605770277626566e-05
1, 2176, 1792, 8192, 0.00011601687534022863
1, 2176, 256, 8192, 2.0947740881872617e-05
1, 2176, 8192, 896, 4.447740881872618e-05
1, 2176, 896, 8192, 7.694719651605879e-05
1, 528, 8192, 8192, 0.00010273652694610779
1, 528, 8192, 2048, 2.741807294501905e-05
8, 4096, 128, 4096, 8.635587249742939e-05
8, 4096, 4096, 128, 5.2646072703078696e-05
1, 528, 8192, 28672, 0.00035379804028307023
1, 528, 28672, 8192, 0.0003618764289602613
1, 1056, 8192, 8192, 0.00020561676646706586
1, 1056, 8192, 2048, 5.304300489929232e-05
8, 8192, 128, 4096, 0.00017228441783100466
8, 8192, 4096, 128, 0.00010267374584165003
1, 1056, 8192, 28672, 0.0007141959716929776
1, 1056, 28672, 8192, 0.0007308916712030484
1, 2112, 8192, 8192, 0.0003818013064779532
1, 2112, 8192, 2048, 9.714262384322264e-05
8, 16384, 128, 4096, 0.0003441415084981552
8, 16384, 4096, 128, 0.00020272909211879273
1, 2112, 8192, 28672, 0.0013306635819270549
1, 2112, 28672, 8192, 0.0013612542188350572
1, 4224, 8192, 8192, 0.0007347577572128471
1, 4224, 8192, 2048, 0.00018592596624931955
8, 32768, 128, 4096, 0.0006878556898324564
8, 32768, 4096, 128, 0.00040283978467307814
1, 4224, 8192, 28672, 0.0025641970604246053
1, 4224, 28672, 8192, 0.002622835601524224
1, 1056, 8192, 4096, 0.00010390092542188351
1, 1056, 8192, 1024, 2.7614044637996733e-05
4, 8192, 128, 4096, 9.308837597532208e-05
4, 8192, 4096, 128, 5.922917800762112e-05
1, 1056, 4096, 8192, 0.00010588731627653783
1, 1056, 8192, 14336, 0.0003581905280348394
1, 1056, 14336, 8192, 0.0003639825802939575
1, 2112, 8192, 4096, 0.00019202885138813283
1, 2112, 8192, 1024, 4.969951007076756e-05
4, 16384, 128, 4096, 0.0001859628161858102
4, 16384, 4096, 128, 0.00015281499546361822
1, 2112, 4096, 8192, 0.00019688840500816548
1, 2112, 8192, 14336, 0.0006664599891126837
1, 2112, 14336, 8192, 0.0006773473053892215
1, 4224, 8192, 4096, 0.0003688698965704954
1, 4224, 8192, 1024, 9.445400108873163e-05
4, 32768, 128, 4096, 0.0003717116966067864
4, 32768, 4096, 128, 0.00020123695880965343
1, 4224, 4096, 8192, 0.0003791497005988024
1, 4224, 8192, 14336, 0.0012835895481763744
1, 4224, 14336, 8192, 0.0013048426782798041
1, 2112, 8192, 512, 2.617310832879695e-05
2, 16384, 128, 4096, 9.421152120002419e-05
2, 16384, 4096, 128, 5.146926994495857e-05
1, 2112, 2048, 8192, 0.00010443821448013064
1, 2112, 8192, 7168, 0.0003343581927054981
1, 2112, 7168, 8192, 0.0003548203592814371
1, 4224, 8192, 512, 4.901959716929777e-05
2, 32768, 128, 4096, 0.00018799571523619426
2, 32768, 4096, 128, 0.00010037784310167545
1, 4224, 2048, 8192, 0.00020228688078388678
1, 4224, 8192, 7168, 0.0006432857920522591
1, 4224, 7168, 8192, 0.0006838317909635275
1, 4224, 8192, 256, 2.194175285792052e-05
1, 32768, 128, 4096, 0.0001271556886227545
1, 32768, 4096, 128, 7.592868807838868e-05
1, 4224, 1024, 8192, 0.00011397332607512248
1, 4224, 8192, 3584, 0.00032414099074578115
1, 4224, 3584, 8192, 0.0003762280892759935
1, 132, 8192, 8192, 3.499945563418617e-05
1, 132, 8192, 2048, 9.823625476320088e-06
8, 1024, 128, 4096, 2.190946349724793e-05
8, 1024, 4096, 128, 1.501753341801246e-05
1, 132, 8192, 28672, 0.00011839520958083833
1, 132, 28672, 8192, 0.00012052041371801851
1, 264, 8192, 8192, 5.8414262384322264e-05
1, 264, 8192, 2048, 1.601578660860098e-05
8, 2048, 128, 4096, 4.3391599830641745e-05
8, 2048, 4096, 128, 2.7632236133793023e-05
1, 264, 8192, 28672, 0.00019729286880783886
1, 264, 28672, 8192, 0.00020139956450734893
1, 264, 8192, 4096, 3.030647795318454e-05
1, 264, 8192, 1024, 8.658138268916711e-06
4, 2048, 128, 4096, 2.3432545817455996e-05
4, 2048, 4096, 128, 1.8325530756668482e-05
1, 264, 4096, 8192, 3.03745236799129e-05
1, 264, 8192, 14336, 0.00010007784431137724
1, 264, 14336, 8192, 0.00010172400653238977
1, 528, 8192, 4096, 5.25242242787153e-05
1, 528, 8192, 1024, 1.4641262928688078e-05
4, 4096, 128, 4096, 4.6651155870078025e-05
4, 4096, 4096, 128, 3.217637452367991e-05
1, 528, 4096, 8192, 5.3566140446379964e-05
1, 528, 8192, 14336, 0.00017805498094719652
1, 528, 14336, 8192, 0.00018387316276537833
1, 528, 8192, 512, 7.884050081654872e-06
2, 4096, 128, 4096, 2.387337567289663e-05
2, 4096, 4096, 128, 1.4787840077420916e-05
1, 528, 2048, 8192, 2.8063690800217748e-05
1, 528, 8192, 7168, 9.018345127925966e-05
1, 528, 7168, 8192, 9.657103973870441e-05
1, 1056, 8192, 512, 1.4750136091453456e-05
2, 8192, 128, 4096, 4.731942418193915e-05
2, 8192, 4096, 128, 2.7014983366600134e-05
1, 1056, 2048, 8192, 5.6025040827436036e-05
1, 1056, 8192, 7168, 0.00018018780620577028
1, 1056, 7168, 8192, 0.0001904959172563963
1, 1056, 8192, 256, 8.422427871529668e-06
1, 8192, 128, 4096, 3.21094175285792e-05
1, 8192, 4096, 128, 1.480729450190528e-05
1, 1056, 1024, 8192, 3.2085465432770824e-05
1, 1056, 8192, 3584, 9.112248230811105e-05
1, 1056, 3584, 8192, 0.00010360860097985846
1, 2112, 8192, 256, 1.4362003266194883e-05
1, 16384, 128, 4096, 6.37915078933043e-05
1, 16384, 4096, 128, 3.8336962438758843e-05
1, 2112, 1024, 8192, 5.942351660315732e-05
1, 2112, 8192, 3584, 0.00016850244964616222
1, 2112, 3584, 8192, 0.00019345726728361458
1, 2112, 512, 8192, 3.536581382689167e-05
1, 2112, 8192, 1792, 8.538432226456179e-05
1, 2112, 1792, 8192, 0.00011482525857376156
1, 4224, 512, 8192, 6.878551986935221e-05
1, 4224, 8192, 1792, 0.00016334676102340773
1, 4224, 1792, 8192, 0.00022077898747958628
1, 4224, 256, 8192, 3.984267827980403e-05
1, 4224, 8192, 896, 8.315133369624387e-05
1, 4224, 896, 8192, 0.00014519488296135002
1, 48, 7168, 1536, 4.158410451823626e-06
1, 48, 1536, 24576, 1.4102885138813283e-05
1, 48, 7168, 576, 2.120304844855743e-06
128, 16, 128, 512, 2.9191302243996853e-06
1, 2048, 512, 64, 7.223734349482853e-07
1, 2048, 64, 64, 1.899836690255852e-07
1, 2048, 64, 512, 8.165487207403376e-07
128, 16, 512, 128, 3.183783644831549e-06
128, 1, 128, 512, 2.2977777777777774e-06
1, 128, 512, 1, 1.795138888888889e-08
1, 128, 64, 1, 2.2743055555555555e-09
1, 128, 1, 512, 5.87915078933043e-08
128, 1, 512, 128, 2.297777777777778e-06
1, 128, 512, 2, 6.205770277626565e-08
1, 128, 64, 2, 3.26619488296135e-08
1, 128, 2, 512, 5.9335873707131194e-08
1, 128, 512, 4, 6.260206859009255e-08
1, 128, 64, 4, 3.26619488296135e-08
1, 128, 4, 512, 6.096897114861187e-08
1, 128, 512, 8, 6.586826347305389e-08
1, 128, 64, 8, 3.26619488296135e-08
1, 128, 8, 512, 6.314643440391943e-08
1, 128, 512, 16, 6.859009254218835e-08
1, 128, 64, 16, 3.375068045726728e-08
1, 128, 16, 512, 6.804572672836146e-08
1, 128, 512, 32, 7.512248230811104e-08
1, 128, 64, 32, 3.6472509526401745e-08
1, 128, 32, 512, 8.49210669569951e-08
1, 128, 512, 64, 9.79858464888405e-08
1, 128, 64, 64, 4.137180185084377e-08
1, 128, 64, 512, 1.0996189439303212e-07
1, 128, 512, 128, 1.366358192705498e-07
1, 128, 64, 128, 5.0081654872074034e-08
1, 128, 128, 512, 1.4697876973326074e-07
1, 128, 512, 256, 2.0794774088187262e-07
1, 128, 64, 256, 6.750136091453456e-08
1, 128, 256, 512, 2.1502449646162222e-07
1, 128, 512, 512, 3.2879695155144257e-07
1, 128, 512, 1024, 5.42732716385411e-07
1, 128, 64, 1024, 1.6004354926510615e-07
1, 128, 1024, 512, 5.449101796407185e-07
1, 128, 512, 2048, 9.248775176918889e-07
1, 128, 64, 2048, 2.994011976047904e-07
1, 128, 2048, 512, 9.292324442025041e-07
1, 128, 512, 4096, 1.5841045182362547e-06
1, 128, 64, 4096, 5.051714752313554e-07
1, 128, 4096, 512, 1.5541643984757758e-06
1, 128, 64, 8192, 9.363091997822537e-07
1, 128, 512, 16384, 5.197060424605335e-06
1, 128, 64, 16384, 1.79858464888405e-06
1, 128, 16384, 512, 4.636363636363636e-06
1, 128, 512, 32768, 9.806750136091453e-06
1, 128, 64, 32768, 3.523135547087643e-06
1, 128, 32768, 512, 8.16276537833424e-06
1, 128, 512, 65536, 1.902612955906369e-05
1, 128, 64, 65536, 6.9722373434948286e-06
1, 128, 65536, 512, 1.4884594447468699e-05
1, 128, 512, 131072, 3.746488840500817e-05
1, 128, 64, 131072, 1.38704409363092e-05
1, 128, 131072, 512, 2.8328252585737615e-05
1, 192, 16384, 7168, 6.376864452912357e-05
1, 192, 7168, 18432, 8.041371801850844e-05
1, 192, 18432, 7168, 7.360370168753403e-05
1, 192, 7168, 2048, 1.0178551986935221e-05
1, 192, 2048, 7168, 9.740337506804573e-06
1, 96, 7168, 1536, 5.491017964071856e-06
1, 96, 1536, 24576, 1.9560696788241698e-05
1, 96, 7168, 576, 2.5269461077844312e-06
128, 32, 128, 512, 3.4327079174983366e-06
1, 4096, 512, 64, 1.166031573217202e-06
1, 4096, 64, 64, 3.4240609689711486e-07
1, 4096, 64, 512, 1.6042460533478497e-06
128, 32, 512, 128, 3.7562444807354987e-06
1, 192, 7168, 1536, 8.381056069678824e-06
1, 192, 1536, 24576, 3.113663581927055e-05
1, 192, 7168, 576, 3.5971692977681e-06
128, 64, 128, 512, 4.444076695094659e-06
1, 8192, 512, 64, 2.0381056069678823e-06
1, 8192, 64, 64, 6.472509526401741e-07
1, 8192, 64, 512, 3.1633097441480673e-06
128, 64, 512, 128, 4.453153087763867e-06
1, 96, 3584, 1536, 3.2193794229722373e-06
1, 96, 1536, 12288, 1.0157321720195971e-05
1, 96, 3584, 576, 1.5362003266194883e-06
64, 32, 128, 512, 1.867915078933043e-06
64, 32, 512, 128, 2.056390854654328e-06
64, 1, 128, 512, 1.1488888888888887e-06
1, 64, 512, 1, 9.045138888888889e-09
1, 64, 64, 1, 1.1458333333333333e-09
1, 64, 1, 512, 4.300489929232444e-08
64, 1, 512, 128, 1.1488888888888887e-06
1, 64, 512, 2, 4.6271094175285794e-08
1, 64, 64, 2, 3.0484485574305937e-08
1, 64, 2, 512, 4.354926510615133e-08
1, 64, 512, 4, 4.681545998911268e-08
1, 64, 64, 4, 3.0484485574305937e-08
1, 64, 4, 512, 4.518236254763201e-08
1, 64, 512, 8, 5.0081654872074034e-08
1, 64, 64, 8, 3.0484485574305937e-08
1, 64, 8, 512, 4.735982580293958e-08
1, 64, 512, 16, 5.22591181273816e-08
1, 64, 64, 16, 3.1028851388132825e-08
1, 64, 16, 512, 5.1714752313554707e-08
1, 64, 512, 32, 5.7702776265650515e-08
1, 64, 64, 32, 3.320631464344039e-08
1, 64, 32, 512, 6.205770277626565e-08
1, 64, 512, 64, 6.750136091453456e-08
1, 64, 64, 64, 3.538377789874796e-08
1, 64, 64, 512, 7.348938486663037e-08
1, 64, 512, 128, 9.79858464888405e-08
1, 64, 64, 128, 4.137180185084377e-08
1, 64, 128, 512, 1.1976047904191617e-07
1, 64, 512, 256, 1.5296679368535655e-07
1, 64, 64, 256, 5.22591181273816e-08
1, 64, 256, 512, 1.562329885683179e-07
1, 64, 512, 512, 2.553075666848122e-07
1, 64, 512, 1024, 4.3004899292324443e-07
1, 64, 64, 1024, 1.2357103973870442e-07
1, 64, 1024, 512, 4.262384322264562e-07
1, 64, 512, 2048, 7.223734349482853e-07
1, 64, 64, 2048, 1.899836690255852e-07
1, 64, 2048, 512, 7.044093630919978e-07
1, 64, 512, 4096, 1.1627653783342406e-06
1, 64, 64, 4096, 3.4240609689711486e-07
1, 64, 4096, 512, 1.1420794774088188e-06
1, 64, 512, 8192, 2.0315732172019596e-06
1, 64, 64, 8192, 6.249319542732716e-07
1, 64, 512, 16384, 3.6706586826347306e-06
1, 64, 64, 16384, 1.1769188894937399e-06
1, 64, 16384, 512, 5.363091997822537e-06
1, 64, 512, 32768, 6.762656505171476e-06
1, 64, 64, 32768, 2.280892759934676e-06
1, 64, 32768, 512, 5.980402830702232e-06
1, 64, 512, 65536, 1.2946652150244964e-05
1, 64, 64, 65536, 4.488840500816548e-06
1, 64, 65536, 512, 1.1310832879695155e-05
1, 64, 512, 131072, 2.5314643440391942e-05
1, 64, 64, 131072, 8.904735982580295e-06
1, 64, 131072, 512, 2.1685900925421884e-05
1, 192, 7168, 9216, 4.0925421883505715e-05
1, 192, 9216, 7168, 4.0486118671747415e-05
1, 192, 7168, 1024, 5.7713663581927056e-06
1, 192, 1024, 7168, 5.792052259118128e-06
1, 192, 3584, 1536, 4.795318454001088e-06
1, 192, 1536, 12288, 1.596516058791508e-05
1, 192, 3584, 576, 2.2041371801850843e-06
64, 64, 128, 512, 2.5142732716385412e-06
64, 64, 512, 128, 2.440489929232444e-06
1, 192, 1792, 1536, 2.9624387588459445e-06
1, 192, 1536, 6144, 8.379422972237344e-06
1, 192, 1792, 576, 1.3228089275993467e-06
32, 64, 128, 512, 1.8455065626323112e-06
32, 64, 512, 128, 1.3808105002116978e-06
32, 1, 128, 512, 5.744444444444444e-07
1, 32, 512, 1, 4.592013888888889e-09
1, 32, 64, 1, 5.815972222222222e-10
1, 32, 1, 512, 3.538377789874796e-08
32, 1, 512, 128, 5.744444444444444e-07
1, 32, 512, 2, 3.810560696788242e-08
1, 32, 64, 2, 2.939575394665215e-08
1, 32, 2, 512, 3.592814371257485e-08
1, 32, 512, 4, 3.91943385955362e-08
1, 32, 64, 4, 2.939575394665215e-08
1, 32, 4, 512, 3.756124115405552e-08
1, 32, 512, 8, 4.246053347849755e-08
1, 32, 64, 8, 2.994011976047904e-08
1, 32, 8, 512, 3.973870440936309e-08
1, 32, 512, 16, 4.4093630919978226e-08
1, 32, 64, 16, 2.994011976047904e-08
1, 32, 16, 512, 4.4093630919978226e-08
1, 32, 512, 32, 4.9537289058247145e-08
1, 32, 64, 32, 3.1028851388132825e-08
1, 32, 32, 512, 4.9537289058247145e-08
1, 32, 512, 64, 5.7702776265650515e-08
1, 32, 64, 64, 3.320631464344039e-08
1, 32, 64, 512, 5.87915078933043e-08
1, 32, 512, 128, 7.512248230811104e-08
1, 32, 64, 128, 3.6472509526401745e-08
1, 32, 128, 512, 9.907457811649429e-08
1, 32, 512, 256, 1.2193794229722375e-07
1, 32, 64, 256, 4.4637996733805114e-08
1, 32, 256, 512, 1.2357103973870442e-07
1, 32, 512, 512, 2.030484485574306e-07
1, 32, 512, 1024, 3.342406096897115e-07
1, 32, 64, 1024, 8.818726183995645e-08
1, 32, 1024, 512, 3.3097441480675015e-07
1, 32, 512, 2048, 5.557974959172564e-07
1, 32, 64, 2048, 1.5459989112683722e-07
1, 32, 2048, 512, 5.470876428960262e-07
1, 32, 512, 4096, 9.640718562874252e-07
1, 32, 64, 4096, 2.525857376156777e-07
1, 32, 4096, 512, 9.477408818726184e-07
1, 32, 512, 8192, 1.6766467065868263e-06
1, 32, 64, 8192, 4.3277082199237887e-07
1, 32, 512, 16384, 2.9940119760479042e-06
1, 32, 64, 16384, 7.931409907457812e-07
1, 32, 16384, 512, 5.029395753946652e-06
1, 32, 512, 32768, 5.415351115949918e-06
1, 32, 64, 32768, 1.5138813282525857e-06
1, 32, 32768, 512, 5.425694066412629e-06
1, 32, 512, 65536, 1.0258029395753947e-05
1, 32, 64, 65536, 2.955362003266195e-06
1, 32, 65536, 512, 1.0268372346216658e-05
1, 32, 512, 131072, 1.9943385955362002e-05
1, 32, 64, 131072, 5.838323353293413e-06
1, 32, 131072, 512, 1.9953728905824713e-05
1, 192, 4096, 7168, 1.757321720195972e-05
1, 192, 7168, 4608, 2.155525313010343e-05
1, 192, 4608, 7168, 2.247142079477409e-05
1, 192, 7168, 512, 3.3081110506260207e-06
1, 192, 512, 7168, 3.483941208492107e-06
1, 12, 7168, 1536, 3.3228089275993466e-06
1, 12, 1536, 24576, 1.0962983124659772e-05
1, 12, 7168, 576, 1.49210669569951e-06
128, 4, 128, 512, 2.611110808685659e-06
1, 512, 512, 64, 2.553075666848122e-07
1, 512, 64, 64, 7.348938486663037e-08
1, 512, 64, 512, 2.754491017964072e-07
128, 4, 512, 128, 2.6627123782737553e-06
1, 24, 7168, 1536, 3.4654327708219925e-06
1, 24, 1536, 24576, 1.1468698965704954e-05
1, 24, 7168, 576, 1.5846488840500816e-06
128, 8, 128, 512, 2.7268487267888467e-06
1, 1024, 512, 64, 4.3004899292324443e-07
1, 1024, 64, 64, 1.2357103973870442e-07
1, 1024, 64, 512, 4.2188350571584107e-07
128, 8, 512, 128, 2.757651212726063e-06
1, 24, 3584, 1536, 1.874251497005988e-06
1, 24, 1536, 12288, 6.007621121393576e-06
1, 24, 3584, 576, 9.608056614044638e-07
64, 8, 128, 512, 1.436358192705498e-06
64, 8, 512, 128, 1.4851102340773e-06
1, 48, 3584, 1536, 2.5187806205770276e-06
1, 48, 1536, 12288, 7.364725095264018e-06
1, 48, 3584, 576, 1.2678279804028307e-06
64, 16, 128, 512, 1.592367991290147e-06
64, 16, 512, 128, 1.7078361458900382e-06
1, 48, 1792, 1536, 1.5519869352204681e-06
1, 48, 1536, 6144, 3.995645073489385e-06
1, 48, 1792, 576, 7.93685356559608e-07
32, 16, 128, 512, 8.701953668420734e-07
32, 16, 512, 128, 9.344786185205347e-07
1, 96, 1792, 1536, 1.9755035383777897e-06
1, 96, 1536, 6144, 5.420794774088187e-06
1, 96, 1792, 576, 9.406641262928688e-07
32, 32, 128, 512, 1.4943373858343918e-06
32, 32, 512, 128, 1.146583802092784e-06
1, 96, 896, 1536, 1.3331518780620578e-06
1, 96, 1536, 3072, 3.1981491562329886e-06
1, 96, 896, 576, 5.797495917256396e-07
16, 32, 128, 512, 8.157140264924695e-07
16, 32, 512, 128, 6.475866448920341e-07
16, 1, 128, 512, 2.8722222222222223e-07
1, 16, 512, 1, 2.365451388888889e-09
1, 16, 64, 1, 2.9947916666666666e-10
1, 16, 1, 512, 3.1573217201959714e-08
16, 1, 512, 128, 2.872222222222222e-07
1, 16, 512, 2, 3.429504627109418e-08
1, 16, 64, 2, 2.8851388132825257e-08
1, 16, 2, 512, 3.211758301578661e-08
1, 16, 512, 4, 3.538377789874796e-08
1, 16, 64, 4, 2.8851388132825257e-08
1, 16, 4, 512, 3.320631464344039e-08
1, 16, 512, 8, 3.592814371257485e-08
1, 16, 64, 8, 2.8851388132825257e-08
1, 16, 8, 512, 3.538377789874796e-08
1, 16, 512, 16, 3.8649972781709306e-08
1, 16, 64, 16, 2.8851388132825257e-08
1, 16, 16, 512, 3.810560696788242e-08
1, 16, 512, 32, 4.300489929232444e-08
1, 16, 64, 32, 2.994011976047904e-08
1, 16, 32, 512, 4.246053347849755e-08
1, 16, 512, 64, 5.117038649972782e-08
1, 16, 64, 64, 3.1028851388132825e-08
1, 16, 64, 512, 5.1714752313554707e-08
1, 16, 512, 128, 6.750136091453456e-08
1, 16, 64, 128, 3.375068045726728e-08
1, 16, 128, 512, 8.873162765378335e-08
1, 16, 512, 256, 1.0288513881328253e-07
1, 16, 64, 256, 3.973870440936309e-08
1, 16, 256, 512, 1.0397387044093631e-07
1, 16, 512, 512, 1.6712030484485575e-07
1, 16, 512, 1024, 2.7109417528579207e-07
1, 16, 64, 1024, 7.403375068045727e-08
1, 16, 1024, 512, 2.689167120304845e-07
1, 16, 512, 2048, 4.6815459989112686e-07
1, 16, 64, 2048, 1.1921611322808928e-07
1, 16, 2048, 512, 4.6978769733260753e-07
1, 16, 512, 4096, 8.094719651605879e-07
1, 16, 64, 4096, 1.9542732716385412e-07
1, 16, 4096, 512, 1.281437125748503e-06
1, 16, 512, 8192, 1.4616222101252042e-06
1, 16, 64, 8192, 3.1899836690255854e-07
1, 16, 8192, 512, 2.50789330430049e-06
1, 16, 512, 16384, 2.63745236799129e-06
1, 16, 64, 16384, 5.661404463799674e-07
1, 16, 16384, 512, 4.863908546543277e-06
1, 16, 512, 32768, 4.9891126837234625e-06
1, 16, 64, 32768, 1.060424605334785e-06
1, 16, 32768, 512, 4.988568317909636e-06
1, 16, 512, 65536, 9.692433315187806e-06
1, 16, 64, 65536, 2.0489929232444203e-06
1, 16, 65536, 512, 9.691888949373979e-06
1, 16, 512, 131072, 1.9099074578116494e-05
1, 16, 64, 131072, 4.026129559063691e-06
1, 16, 131072, 512, 1.9098530212302668e-05
1, 192, 7168, 2304, 1.219814915623299e-05
1, 192, 2304, 7168, 1.2836145890038106e-05
1, 192, 7168, 256, 2.0272182906913444e-06
1, 192, 256, 7168, 2.3434948285247686e-06
1, 192, 896, 1536, 1.924333151878062e-06
1, 192, 1536, 3072, 4.7223734349482854e-06
1, 192, 896, 576, 7.795318454001088e-07
16, 64, 128, 512, 1.0326256577753584e-06
16, 64, 512, 128, 7.976229359462893e-07
1, 192, 448, 1536, 1.3364180729450191e-06
1, 192, 1536, 1536, 2.744148067501361e-06
1, 192, 448, 576, 5.313010342950463e-07
8, 64, 128, 512, 5.891683300066533e-07
8, 64, 512, 128, 4.7282283917014456e-07
8, 1, 128, 512, 1.4361111111111112e-07
1, 8, 512, 1, 1.2521701388888888e-09
1, 8, 64, 1, 1.5842013888888888e-10
1, 8, 1, 512, 2.939575394665215e-08
8, 1, 512, 128, 1.4361111111111112e-07
1, 8, 512, 2, 3.26619488296135e-08
1, 8, 64, 2, 2.8851388132825257e-08
1, 8, 2, 512, 2.994011976047904e-08
1, 8, 512, 4, 3.320631464344039e-08
1, 8, 64, 4, 2.8851388132825257e-08
1, 8, 4, 512, 3.1028851388132825e-08
1, 8, 512, 8, 3.429504627109418e-08
1, 8, 64, 8, 2.8851388132825257e-08
1, 8, 8, 512, 3.26619488296135e-08
1, 8, 512, 16, 3.592814371257485e-08
1, 8, 64, 16, 2.8851388132825257e-08
1, 8, 16, 512, 3.429504627109418e-08
1, 8, 512, 32, 4.0827436037016874e-08
1, 8, 64, 32, 2.994011976047904e-08
1, 8, 32, 512, 3.91943385955362e-08
1, 8, 512, 64, 4.844855743059336e-08
1, 8, 64, 64, 3.0484485574305937e-08
1, 8, 64, 512, 4.735982580293958e-08
1, 8, 512, 128, 6.423516603157322e-08
1, 8, 64, 128, 3.26619488296135e-08
1, 8, 128, 512, 6.423516603157322e-08
1, 8, 512, 256, 9.85302123026674e-08
1, 8, 64, 256, 3.756124115405552e-08
1, 8, 256, 512, 9.907457811649429e-08
1, 8, 512, 512, 1.5949918345127927e-07
1, 8, 512, 1024, 2.5911812738160045e-07
1, 8, 64, 1024, 6.695699510070768e-08
1, 8, 1024, 512, 2.602068590092542e-07
1, 8, 512, 2048, 4.452912357103974e-07
1, 8, 64, 2048, 1.0669569951007077e-07
1, 8, 2048, 512, 4.512792596624932e-07
1, 8, 512, 4096, 7.583015786608601e-07
1, 8, 64, 4096, 1.7691888949373979e-07
1, 8, 4096, 512, 7.566684812193794e-07
1, 8, 512, 8192, 1.372346216657594e-06
1, 8, 64, 8192, 2.852476864452912e-07
1, 8, 8192, 512, 2.418072945019053e-06
1, 8, 512, 16384, 2.5846488840500818e-06
1, 8, 64, 16384, 4.986390854654327e-07
1, 8, 16384, 512, 4.771910724006533e-06
1, 8, 512, 32768, 4.901469787697333e-06
1, 8, 64, 32768, 9.254218835057159e-07
1, 8, 32768, 512, 4.9025585193249865e-06
1, 8, 512, 65536, 9.535111594991834e-06
1, 8, 64, 65536, 1.778987479586282e-06
1, 8, 65536, 512, 9.536200326619488e-06
1, 8, 512, 131072, 1.8802395209580838e-05
1, 8, 64, 131072, 3.4861186717474143e-06
1, 8, 131072, 512, 1.8803483941208493e-05
1, 192, 7168, 1152, 6.772999455634186e-06
1, 192, 1152, 7168, 8.114316820903648e-06
1, 192, 7168, 128, 1.351660315732172e-06
1, 192, 128, 7168, 1.6951551442569407e-06
1, 64, 7168, 1536, 4.277626565051715e-06
1, 64, 1536, 24576, 1.4728905824714208e-05
1, 64, 7168, 576, 2.1790963527490472e-06
1, 4096, 512, 128, 1.6891671203048448e-06
1, 4096, 64, 128, 5.781164942841589e-07
1, 4096, 128, 512, 1.99129014697877e-06
1, 256, 16384, 7168, 8.302721829069134e-05
1, 256, 7168, 18432, 9.966031573217202e-05
1, 256, 18432, 7168, 9.552204681546e-05
1, 256, 7168, 2048, 1.2439847577572128e-05
1, 256, 2048, 7168, 1.2136091453456723e-05
1, 128, 7168, 1536, 6.0419161676646706e-06
1, 128, 1536, 24576, 2.275340228633642e-05
1, 128, 7168, 576, 2.9526401741970603e-06
1, 8192, 512, 128, 3.089820359281437e-06
1, 8192, 64, 128, 1.135547087642896e-06
1, 8192, 128, 512, 3.893304300489929e-06
1, 256, 7168, 1536, 9.73217201959717e-06
1, 256, 1536, 24576, 3.717528579205226e-05
1, 256, 7168, 576, 4.4550898203592816e-06
128, 128, 128, 512, 8.296972116373313e-06
1, 16384, 512, 128, 5.876973326075122e-06
1, 16384, 64, 128, 2.2422427871529667e-06
1, 16384, 128, 512, 7.697332607512248e-06
128, 128, 512, 128, 6.181755277324139e-06
1, 128, 3584, 1536, 3.694066412629287e-06
1, 128, 1536, 12288, 1.1736526946107785e-05
1, 128, 3584, 576, 1.7876973326075123e-06
1, 256, 7168, 9216, 5.059880239520958e-05
1, 256, 9216, 7168, 5.0431682090364725e-05
1, 256, 7168, 1024, 6.278715296679369e-06
1, 256, 1024, 7168, 6.841045182362548e-06
1, 256, 3584, 1536, 5.619488296135003e-06
1, 256, 1536, 12288, 1.9021774632553075e-05
1, 256, 3584, 576, 2.6216657593903105e-06
64, 128, 128, 512, 3.8031790963527492e-06
64, 128, 512, 128, 4.4427653783342405e-06
1, 256, 1792, 1536, 3.4458356015242244e-06
1, 256, 1536, 6144, 9.945019052803484e-06
1, 256, 1792, 576, 1.6652150244964617e-06
32, 128, 128, 512, 2.452036532994617e-06
32, 128, 512, 128, 1.960858888284038e-06
1, 256, 4096, 7168, 2.243059335873707e-05
1, 256, 7168, 4608, 2.622591181273816e-05
1, 256, 4608, 7168, 2.7933043004899292e-05
1, 256, 7168, 512, 3.816004354926511e-06
1, 256, 512, 7168, 4.175285792052259e-06
1, 16, 7168, 1536, 3.422972237343495e-06
1, 16, 1536, 24576, 1.1156777354382144e-05
1, 16, 7168, 576, 1.5242242787152966e-06
1, 1024, 512, 128, 5.42732716385411e-07
1, 1024, 64, 128, 1.6004354926510615e-07
1, 1024, 128, 512, 5.389221556886228e-07
1, 32, 7168, 1536, 3.7076755579749593e-06
1, 32, 1536, 24576, 1.2176374523679913e-05
1, 32, 7168, 576, 1.7523135547087643e-06
1, 2048, 512, 128, 9.248775176918889e-07
1, 2048, 64, 128, 2.994011976047904e-07
1, 2048, 128, 512, 1.0239520958083833e-06
1, 32, 3584, 1536, 2.0533478497550356e-06
1, 32, 1536, 12288, 6.391943385955362e-06
1, 32, 3584, 576, 1.0479041916167664e-06
1, 64, 3584, 1536, 2.6102340772999457e-06
1, 64, 1536, 12288, 7.686989657049537e-06
1, 64, 3584, 576, 1.311377245508982e-06
1, 64, 1792, 1536, 1.602612955906369e-06
1, 64, 1536, 6144, 4.166031573217202e-06
1, 64, 1792, 576, 8.258029395753946e-07
1, 128, 1792, 1536, 2.1415351115949917e-06
1, 128, 1536, 6144, 6.228089275993468e-06
1, 128, 1792, 576, 1.1012520413718019e-06
1, 128, 896, 1536, 1.3984757757212847e-06
1, 128, 1536, 3072, 3.432226456178552e-06
1, 128, 896, 576, 6.989657049537289e-07
1, 256, 7168, 2304, 1.4462710941752858e-05
1, 256, 2304, 7168, 1.5697332607512247e-05
1, 256, 7168, 256, 2.295046271094175e-06
1, 256, 256, 7168, 2.7561241154055527e-06
1, 256, 896, 1536, 2.066412629286881e-06
1, 256, 1536, 3072, 5.555797495917256e-06
1, 256, 896, 576, 1.115405552531301e-06
16, 128, 128, 512, 1.3434222464162584e-06
16, 128, 512, 128, 1.1232807113046635e-06
1, 256, 448, 1536, 1.4991834512792598e-06
1, 256, 1536, 1536, 3.0517147523135547e-06
1, 256, 448, 576, 8.018508437670114e-07
1, 256, 7168, 1152, 7.631464344039194e-06
1, 256, 1152, 7168, 9.622210125204138e-06
1, 256, 7168, 128, 1.5443658138268917e-06
1, 256, 128, 7168, 1.9265106151333697e-06
1, 8192, 512, 256, 4.586281981491562e-06
1, 8192, 64, 256, 1.6608600979858464e-06
1, 8192, 256, 512, 5.354382144801306e-06
1, 384, 16384, 7168, 0.00012102395209580839
1, 384, 7168, 18432, 0.0001428160043549265
1, 384, 18432, 7168, 0.00013857539466521503
1, 384, 7168, 2048, 1.741154055525313e-05
1, 384, 2048, 7168, 1.7137724550898204e-05
1, 16384, 512, 256, 8.851932498639085e-06
1, 16384, 64, 256, 3.280892759934676e-06
1, 16384, 256, 512, 1.0530212302667392e-05
1, 384, 7168, 1536, 1.3785519869352205e-05
1, 384, 1536, 24576, 5.5569951007076754e-05
1, 384, 7168, 576, 5.780620577027763e-06
128, 256, 128, 512, 1.1922741184298071e-05
1, 32768, 512, 256, 1.7383233532934133e-05
1, 32768, 64, 256, 6.520958083832336e-06
1, 32768, 256, 512, 2.0881872618399565e-05
128, 256, 512, 128, 9.883379906852962e-06
1, 384, 7168, 9216, 7.227599346761023e-05
1, 384, 9216, 7168, 7.213064779531846e-05
1, 384, 7168, 1024, 9.467065868263473e-06
1, 384, 1024, 7168, 9.761567773543821e-06
1, 384, 3584, 1536, 7.631464344039194e-06
1, 384, 1536, 12288, 2.8293957539466522e-05
1, 384, 3584, 576, 3.4354926510615133e-06
64, 256, 128, 512, 6.388611867174742e-06
64, 256, 512, 128, 5.368927599346761e-06
1, 384, 1792, 1536, 4.692977681001633e-06
1, 384, 1536, 6144, 1.4655960805661404e-05
1, 384, 1792, 576, 2.2025040827436037e-06
32, 256, 128, 512, 3.4881775842254886e-06
32, 256, 512, 128, 3.0768620335087402e-06
1, 384, 4096, 7168, 3.189330430048993e-05
1, 384, 7168, 4608, 3.7298856831790965e-05
1, 384, 4608, 7168, 4.030266739248775e-05
1, 384, 7168, 512, 5.325530756668481e-06
1, 384, 512, 7168, 5.918345127925966e-06
1, 2048, 512, 256, 1.3870440936309199e-06
1, 2048, 64, 256, 4.458356015242243e-07
1, 2048, 256, 512, 1.4398475775721285e-06
1, 4096, 512, 256, 2.4534567229178007e-06
1, 4096, 64, 256, 8.508437670114317e-07
1, 4096, 256, 512, 2.7664670658682634e-06
1, 384, 7168, 2304, 1.9865541643984757e-05
1, 384, 2304, 7168, 2.2673924877517692e-05
1, 384, 7168, 256, 3.2373434948285248e-06
1, 384, 256, 7168, 3.8111050626020687e-06
1, 384, 896, 1536, 3.074033750680457e-06
1, 384, 1536, 3072, 7.908546543277083e-06
1, 384, 896, 576, 1.3222645617855198e-06
16, 256, 128, 512, 1.9002358918526584e-06
16, 256, 512, 128, 1.752277263654509e-06
1, 384, 448, 1536, 2.2542188350571584e-06
1, 384, 1536, 1536, 4.349482852476865e-06
1, 384, 448, 576, 9.417528579205226e-07
1, 384, 7168, 1152, 1.0994011976047903e-05
1, 384, 1152, 7168, 1.4055525313010342e-05
1, 384, 7168, 128, 2.13663581927055e-06
1, 384, 128, 7168, 2.7218290691344582e-06
1, 160, 7168, 1536, 7.189983669025585e-06
1, 160, 1536, 24576, 2.8290146978769733e-05
1, 160, 7168, 576, 3.3532934131736526e-06
1, 16384, 512, 512, 1.660587915078933e-05
1, 16384, 64, 512, 6.281437125748503e-06
1, 640, 16384, 7168, 0.0002000059880239521
1, 640, 7168, 18432, 0.00024396243875884595
1, 640, 18432, 7168, 0.00022979695155144256
1, 640, 7168, 2048, 2.852367991290147e-05
1, 640, 2048, 7168, 2.8361458900381055e-05
1, 320, 7168, 1536, 1.1860097985846489e-05
1, 320, 1536, 24576, 4.766249319542733e-05
1, 320, 7168, 576, 5.31518780620577e-06
1, 32768, 512, 512, 3.299782253674469e-05
1, 32768, 64, 512, 1.2517691888949375e-05
1, 640, 7168, 1536, 2.1748502994011977e-05
1, 640, 1536, 24576, 9.285356559608056e-05
1, 640, 7168, 576, 8.891671203048448e-06
128, 512, 128, 512, 2.2306560212907516e-05
1, 65536, 512, 512, 6.578170930865542e-05
1, 65536, 64, 512, 2.4990201415351116e-05
128, 512, 512, 128, 1.7168501784310167e-05
1, 320, 3584, 1536, 6.736526946107784e-06
1, 320, 1536, 12288, 2.4302667392487753e-05
1, 320, 3584, 576, 3.1382689167120303e-06
1, 640, 7168, 9216, 0.00012281273816004354
1, 640, 9216, 7168, 0.00012084540010887316
1, 640, 7168, 1024, 1.4973326075122482e-05
1, 640, 1024, 7168, 1.5400108873162765e-05
1, 640, 3584, 1536, 1.212629286880784e-05
1, 640, 1536, 12288, 4.6800217746325534e-05
1, 640, 3584, 576, 5.222645617855199e-06
64, 512, 128, 512, 1.1722787152966795e-05
64, 512, 512, 128, 9.295830157866086e-06
1, 640, 1792, 1536, 7.250952640174197e-06
1, 640, 1536, 6144, 2.3773543821448012e-05
1, 640, 1792, 576, 3.221556886227545e-06
32, 512, 128, 512, 5.711793382931108e-06
32, 512, 512, 128, 6.591394181334301e-06
1, 640, 4096, 7168, 5.2365269461077845e-05
1, 640, 7168, 4608, 6.239956450734894e-05
1, 640, 4608, 7168, 6.649428415895482e-05
1, 640, 7168, 512, 7.905280348394122e-06
1, 640, 512, 7168, 9.701687534022864e-06
1, 40, 7168, 1536, 4.096897114861187e-06
1, 40, 1536, 24576, 1.3786064235166031e-05
1, 40, 7168, 576, 2.0936309199782254e-06
1, 4096, 512, 512, 4.311921611322809e-06
1, 80, 7168, 1536, 5.394665215024496e-06
1, 80, 1536, 24576, 1.8585737615677734e-05
1, 80, 7168, 576, 2.4839412084921067e-06
1, 8192, 512, 512, 8.40990745781165e-06
1, 80, 3584, 1536, 3.1633097441480673e-06
1, 80, 1536, 12288, 9.654327708219923e-06
1, 80, 3584, 576, 1.5013609145345672e-06
1, 160, 3584, 1536, 4.28198149156233e-06
1, 160, 1536, 12288, 1.4523135547087643e-05
1, 160, 3584, 576, 1.990745781164943e-06
1, 160, 1792, 1536, 2.5688622754491017e-06
1, 160, 1536, 6144, 7.639629831246598e-06
1, 160, 1792, 576, 1.2395209580838323e-06
1, 320, 1792, 1536, 3.893304300489929e-06
1, 320, 1536, 6144, 1.2622754491017964e-05
1, 320, 1792, 576, 1.8149156232988567e-06
1, 320, 896, 1536, 2.4801306477953183e-06
1, 320, 1536, 3072, 7.156232988568318e-06
1, 320, 896, 576, 1.2231899836690256e-06
1, 640, 7168, 2304, 3.212302667392488e-05
1, 640, 2304, 7168, 3.80424605334785e-05
1, 640, 7168, 256, 4.692977681001633e-06
1, 640, 256, 7168, 5.675557974959172e-06
1, 640, 896, 1536, 4.713119216113228e-06
1, 640, 1536, 3072, 1.2260206859009254e-05
1, 640, 896, 576, 1.9608056614044638e-06
16, 512, 128, 512, 3.2789693340591545e-06
16, 512, 512, 128, 2.953111957902377e-06
1, 640, 448, 1536, 3.0103429504627108e-06
1, 640, 1536, 1536, 6.894393032117583e-06
1, 640, 448, 576, 1.3652694610778444e-06
1, 640, 7168, 1152, 1.7266194882961352e-05
1, 640, 1152, 7168, 2.2836690255851933e-05
1, 640, 7168, 128, 3.050081654872074e-06
1, 640, 128, 7168, 4.173108328796952e-06
1, 288, 7168, 1536, 1.145182362547632e-05
1, 288, 1536, 24576, 4.6358192705498096e-05
1, 288, 7168, 576, 4.831246597713663e-06
1, 32768, 512, 1024, 6.578170930865542e-05
1, 32768, 64, 1024, 2.447632008709853e-05
1, 32768, 1024, 512, 5.449809471965161e-05
1, 1152, 16384, 7168, 0.0003636026129559064
1, 1152, 7168, 18432, 0.00042861676646706586
1, 1152, 18432, 7168, 0.00041662275449101796
1, 1152, 7168, 2048, 4.910234077299946e-05
1, 1152, 2048, 7168, 5.0284703320631466e-05
1, 576, 7168, 1536, 1.9555797495917257e-05
1, 576, 1536, 24576, 8.870332063146434e-05
1, 576, 7168, 576, 8.10669569951007e-06
1, 65536, 512, 1024, 0.00013134948285247687
1, 65536, 64, 1024, 4.88987479586282e-05
1, 65536, 1024, 512, 0.0001085688622754491
1, 1152, 7168, 1536, 3.859063690800218e-05
1, 1152, 1536, 24576, 0.0001724959172563963
1, 1152, 7168, 576, 1.5553620032661947e-05
128, 1024, 128, 512, 4.2974034960382265e-05
1, 131072, 512, 1024, 0.00026248502994011974
1, 131072, 64, 1024, 9.774360370168753e-05
1, 131072, 1024, 512, 0.0002167103973870441
128, 1024, 512, 128, 3.145621968184843e-05
1, 576, 3584, 1536, 1.1202504082743604e-05
1, 576, 1536, 12288, 4.497223734349483e-05
1, 576, 3584, 576, 4.473053892215569e-06
1, 1152, 7168, 9216, 0.00021513990201415352
1, 1152, 9216, 7168, 0.00021320359281437127
1, 1152, 7168, 1024, 2.5382689167120305e-05
1, 1152, 1024, 7168, 2.8812193794229722e-05
1, 1152, 3584, 1536, 2.1712030484485573e-05
1, 1152, 1536, 12288, 8.649047359825803e-05
1, 1152, 3584, 576, 8.526401741970604e-06
64, 1024, 128, 512, 2.233506804572673e-05
64, 1024, 512, 128, 2.330804572672836e-05
1, 1152, 1792, 1536, 1.3209580838323353e-05
1, 1152, 1536, 6144, 4.34877517691889e-05
1, 1152, 1792, 576, 4.817637452367991e-06
32, 1024, 128, 512, 1.1494354321659712e-05
32, 1024, 512, 128, 1.1918770942962559e-05
1, 1152, 4096, 7168, 9.338323353293413e-05
1, 1152, 7168, 4608, 0.00010974959172563963
1, 1152, 4608, 7168, 0.00011522591181273816
1, 1152, 7168, 512, 1.1946652150244965e-05
1, 1152, 512, 7168, 1.6925421883505715e-05
1, 72, 7168, 1536, 5.356559608056614e-06
1, 72, 1536, 24576, 1.8111050626020686e-05
1, 72, 7168, 576, 2.465977136635819e-06
1, 8192, 512, 1024, 1.660587915078933e-05
1, 8192, 64, 1024, 6.159499183451279e-06
1, 8192, 1024, 512, 1.3945019052803483e-05
1, 144, 7168, 1536, 7.109961894393032e-06
1, 144, 1536, 24576, 2.761295590636908e-05
1, 144, 7168, 576, 3.3048448557430595e-06
1, 16384, 512, 1024, 3.299782253674469e-05
1, 16384, 64, 1024, 1.2265106151333697e-05
1, 16384, 1024, 512, 2.746271094175286e-05
1, 144, 3584, 1536, 4.219923788786064e-06
1, 144, 1536, 12288, 1.4175830157866087e-05
1, 144, 3584, 576, 1.960261295590637e-06
1, 288, 3584, 1536, 6.634186173108328e-06
1, 288, 1536, 12288, 2.3632008709853023e-05
1, 288, 3584, 576, 2.678279804028307e-06
1, 288, 1792, 1536, 3.79858464888405e-06
1, 288, 1536, 6144, 1.2268916712030484e-05
1, 288, 1792, 576, 1.7272727272727273e-06
1, 576, 1792, 1536, 6.70059880239521e-06
1, 576, 1536, 6144, 2.2849210669569952e-05
1, 576, 1792, 576, 2.784431137724551e-06
1, 576, 896, 1536, 4.285247686445292e-06
1, 576, 1536, 3072, 1.1775176918889495e-05
1, 576, 896, 576, 1.8513881328252586e-06
1, 1152, 7168, 2304, 5.697876973326075e-05
1, 1152, 2304, 7168, 6.6449646162221e-05
1, 1152, 7168, 256, 7.626565051714752e-06
1, 1152, 256, 7168, 9.801850843767012e-06
1, 1152, 896, 1536, 8.28198149156233e-06
1, 1152, 1536, 3072, 2.198639085465433e-05
1, 1152, 896, 576, 3.2329885683179095e-06
16, 1024, 128, 512, 5.505135184177101e-06
16, 1024, 512, 128, 5.2012701868989295e-06
1, 1152, 448, 1536, 5.4186173108328794e-06
1, 1152, 1536, 1536, 1.2040827436037017e-05
1, 1152, 448, 576, 2.3810560696788242e-06
1, 1152, 7168, 1152, 3.1361458900381054e-05
1, 1152, 1152, 7168, 4.124278715296679e-05
1, 1152, 7168, 128, 5.189983669025585e-06
1, 1152, 128, 7168, 7.299945563418618e-06
1, 544, 7168, 1536, 1.9401741970604246e-05
1, 544, 1536, 24576, 8.500217746325531e-05
1, 544, 7168, 576, 8.032661948829613e-06
1, 65536, 512, 2048, 0.00026248502994011974
1, 65536, 64, 2048, 9.669896570495372e-05
1, 65536, 2048, 512, 0.00019410832879695154
1, 2176, 16384, 7168, 0.0006748644529123571
1, 2176, 7168, 18432, 0.0007979254218835057
1, 2176, 18432, 7168, 0.0007733445835601524
1, 2176, 7168, 2048, 9.013663581927054e-05
1, 2176, 2048, 7168, 9.255906369080021e-05
1, 1088, 7168, 1536, 3.462874251497006e-05
1, 1088, 1536, 24576, 0.00016378279804028307
1, 1088, 7168, 576, 1.5191616766467065e-05
1, 131072, 512, 2048, 0.0005247561241154056
1, 131072, 64, 2048, 0.0001933260751224823
1, 131072, 2048, 512, 0.00038736254763200873
1, 2176, 7168, 1536, 6.989929232444203e-05
1, 2176, 1536, 24576, 0.00031370005443658136
1, 2176, 7168, 576, 2.7902558519324985e-05
128, 2048, 128, 512, 8.404605576725337e-05
1, 262144, 512, 2048, 0.001049298312465977
1, 262144, 64, 2048, 0.0003865802939575395
1, 262144, 2048, 512, 0.0007738709853021231
128, 2048, 512, 128, 6.0797033811165545e-05
1, 1088, 3584, 1536, 2.115895481763745e-05
1, 1088, 1536, 12288, 8.281056069678824e-05
1, 1088, 3584, 576, 7.967882416984213e-06
1, 2176, 7168, 9216, 0.0003997942297223734
1, 2176, 9216, 7168, 0.0003940832879695155
1, 2176, 7168, 1024, 4.589983669025585e-05
1, 2176, 1024, 7168, 5.246815459989113e-05
1, 2176, 3584, 1536, 3.9050081654872073e-05
1, 2176, 1536, 12288, 0.00015709254218835056
1, 2176, 3584, 576, 1.546543277082199e-05
64, 2048, 128, 512, 4.2733282525857377e-05
64, 2048, 512, 128, 4.414739248775177e-05
1, 2176, 1792, 1536, 2.319052803483941e-05
1, 2176, 1536, 6144, 7.878878606423517e-05
1, 2176, 1792, 576, 9.629831246597714e-06
32, 2048, 128, 512, 2.1849895360793564e-05
32, 2048, 512, 128, 2.251854351902256e-05
1, 2176, 4096, 7168, 0.00017290963527490474
1, 2176, 7168, 4608, 0.0002026096897114861
1, 2176, 4608, 7168, 0.00021228089275993468
1, 2176, 7168, 512, 2.0029395753946654e-05
1, 2176, 512, 7168, 3.162438758845944e-05
1, 136, 7168, 1536, 7.070767555797496e-06
1, 136, 1536, 24576, 2.7237343494828525e-05
1, 136, 7168, 576, 3.2776265650517146e-06
1, 16384, 512, 2048, 5.2640174197060426e-05
1, 16384, 64, 2048, 2.4228633641807293e-05
1, 16384, 2048, 512, 4.916766467065868e-05
1, 272, 7168, 1536, 1.1390310288513881e-05
1, 272, 1536, 24576, 4.5719107240065326e-05
1, 272, 7168, 576, 4.794229722373435e-06
1, 32768, 512, 2048, 0.00013134948285247687
1, 32768, 64, 2048, 4.838541099618944e-05
1, 32768, 2048, 512, 9.748121937942298e-05
1, 272, 3584, 1536, 6.584104518236255e-06
1, 272, 1536, 12288, 2.3303211758301578e-05
1, 272, 3584, 576, 2.654327708219924e-06
1, 544, 3584, 1536, 1.1083287969515515e-05
1, 544, 1536, 12288, 4.310342950462711e-05
1, 544, 3584, 576, 4.416984213391399e-06
1, 544, 1792, 1536, 6.580838323353293e-06
1, 544, 1536, 6144, 2.215405552531301e-05
1, 544, 1792, 576, 2.739248775176919e-06
1, 1088, 1792, 1536, 1.2927054980947197e-05
1, 1088, 1536, 6144, 4.232444202504083e-05
1, 1088, 1792, 576, 4.696243875884595e-06
1, 1088, 896, 1536, 7.757212847033207e-06
1, 1088, 1536, 3072, 2.153293413173653e-05
1, 1088, 896, 576, 3.1235710397387043e-06
1, 2176, 7168, 2304, 7.652476864452913e-05
1, 2176, 2304, 7168, 0.00012123788786064235
1, 2176, 7168, 256, 1.221720195971693e-05
1, 2176, 256, 7168, 1.8498639085465434e-05
1, 2176, 896, 1536, 1.4103429504627109e-05
1, 2176, 1536, 3072, 3.566358192705498e-05
1, 2176, 896, 576, 6.3124659771366356e-06
16, 2048, 128, 512, 9.871457085828344e-06
16, 2048, 512, 128, 9.180983487570314e-06
1, 2176, 448, 1536, 9.538377789874795e-06
1, 2176, 1536, 1536, 1.8512248230811105e-05
1, 2176, 448, 576, 4.658682634730539e-06
1, 2176, 7168, 1152, 4.7228633641807294e-05
1, 2176, 1152, 7168, 7.487479586281981e-05
1, 2176, 7168, 128, 1.0074033750680457e-05
1, 2176, 128, 7168, 1.377408818726184e-05
1, 1056, 7168, 1536, 3.065106151333696e-05
1, 1056, 1536, 24576, 0.00015774142623843222
1, 1056, 7168, 576, 1.509635274904736e-05
1, 131072, 512, 4096, 0.001049298312465977
1, 131072, 64, 4096, 0.00038452531301034294
1, 131072, 4096, 512, 0.0007288062057702776
1, 4224, 16384, 7168, 0.0012973881328252586
1, 4224, 7168, 18432, 0.0015365427327163855
1, 4224, 18432, 7168, 0.0014867882416984214
1, 4224, 7168, 2048, 0.00011482689167120305
1, 4224, 2048, 7168, 0.00017710778443113772
1, 2112, 7168, 1536, 5.0249319542732714e-05
1, 2112, 1536, 24576, 0.00031027436037016874
1, 2112, 7168, 576, 2.0918345127925965e-05
1, 262144, 512, 4096, 0.0020983826891671203
1, 262144, 64, 4096, 0.000768943385955362
1, 262144, 4096, 512, 0.0014559047359825803
1, 4224, 7168, 1536, 0.00013251660315732173
1, 4224, 1536, 24576, 0.0005961083287969515
1, 4224, 7168, 576, 5.209689711486119e-05
128, 4096, 128, 512, 0.00016482265045666245
1, 524288, 512, 4096, 0.004196551442569406
1, 524288, 64, 4096, 0.0015377795318454002
1, 524288, 4096, 512, 0.0029101017964071854
128, 4096, 512, 128, 0.00013963217322929898
1, 2112, 3584, 1536, 3.8497005988023954e-05
1, 2112, 1536, 12288, 0.00015536526946107785
1, 2112, 3584, 576, 1.5204681545998912e-05
1, 4224, 7168, 9216, 0.0007691028851388133
1, 4224, 9216, 7168, 0.000755842678279804
1, 4224, 7168, 1024, 5.806423516603157e-05
1, 4224, 1024, 7168, 9.978007621121393e-05
1, 4224, 3584, 1536, 5.708219923788786e-05
1, 4224, 1536, 12288, 0.00029829667936853564
1, 4224, 3584, 576, 2.3399564507348937e-05
64, 4096, 128, 512, 6.575072400653239e-05
64, 4096, 512, 128, 8.692080566140445e-05
1, 4224, 1792, 1536, 4.283342406096897e-05
1, 4224, 1536, 6144, 0.0001493908546543277
1, 4224, 1792, 576, 1.6216113228089277e-05
32, 4096, 128, 512, 3.4519605637210426e-05
32, 4096, 512, 128, 4.365657533418012e-05
1, 4224, 4096, 7168, 0.0003319624387588459
1, 4224, 7168, 4608, 0.0003883298856831791
1, 4224, 4608, 7168, 0.0004063908546543277
1, 4224, 7168, 512, 3.231954273271639e-05
1, 4224, 512, 7168, 6.0346216657593905e-05
1, 264, 7168, 1536, 8.961350027218291e-06
1, 264, 1536, 24576, 4.5409363091997825e-05
1, 264, 7168, 576, 4.7691888949373976e-06
1, 32768, 512, 4096, 0.00020542242787152966
1, 32768, 64, 4096, 9.621175830157867e-05
1, 32768, 4096, 512, 0.00018348230811105062
1, 528, 7168, 1536, 1.9329341317365268e-05
1, 528, 1536, 24576, 8.438214480130648e-05
1, 528, 7168, 576, 7.994011976047903e-06
1, 65536, 512, 4096, 0.0005247561241154056
1, 65536, 64, 4096, 0.00019231627653783342
1, 65536, 4096, 512, 0.0003652569406641263
1, 528, 3584, 1536, 1.1021774632553076e-05
1, 528, 1536, 12288, 4.2783886771910724e-05
1, 528, 3584, 576, 4.386499727817093e-06
1, 1056, 3584, 1536, 1.8596624931954275e-05
1, 1056, 1536, 12288, 7.977082199237888e-05
1, 1056, 3584, 576, 7.845400108873162e-06
1, 1056, 1792, 1536, 1.1971148611867174e-05
1, 1056, 1536, 6144, 4.007566684812194e-05
1, 1056, 1792, 576, 4.652150244964616e-06
1, 2112, 1792, 1536, 2.0745236799129013e-05
1, 2112, 1536, 6144, 7.791072400653238e-05
1, 2112, 1792, 576, 8.827436037016876e-06
1, 2112, 896, 1536, 1.471094175285792e-05
1, 2112, 1536, 3072, 3.540174197060425e-05
1, 2112, 896, 576, 6.249319542732716e-06
1, 4224, 7168, 2304, 0.00019772237343494828
1, 4224, 2304, 7168, 0.00023081437125748502
1, 4224, 7168, 256, 2.104028307022319e-05
1, 4224, 256, 7168, 3.5064235166031574e-05
1, 4224, 896, 1536, 2.600544365813827e-05
1, 4224, 1536, 3072, 7.493794229722373e-05
1, 4224, 896, 576, 1.1682634730538922e-05
16, 4096, 128, 512, 1.8389076392669205e-05
16, 4096, 512, 128, 1.6778951188532027e-05
1, 4224, 448, 1536, 1.777789874795863e-05
1, 4224, 1536, 1536, 3.394175285792052e-05
1, 4224, 448, 576, 8.30103429504627e-06
1, 4224, 7168, 1152, 9.013282525857376e-05
1, 4224, 1152, 7168, 0.00014213881328252587
1, 4224, 7168, 128, 1.8371801850843767e-05
1, 4224, 128, 7168, 2.6309199782253676e-05
