request_id,request_type,application_id,arrival_timestamp,batch_size,prompt_size,token_size
0,2,0,1.2426201747559364,1,772,12
1,2,0,1.7190907737510874,1,4058,15
2,2,0,5.13627714143208,1,620,17
3,2,0,5.3765673403758845,1,364,20
4,2,0,5.452687089938866,1,992,8
5,2,0,5.724750541303483,1,695,46
6,2,0,5.764013569836587,1,153,45
7,2,0,6.194991678494564,1,1481,81
8,2,0,6.311544083390575,1,4320,31
9,2,0,6.394745701209281,1,1625,102
10,2,0,6.828452911490182,1,1470,43
11,2,0,6.886638620378753,1,2582,9
12,2,0,7.040919258651551,1,1348,6
13,2,0,7.066905947622088,1,247,31
14,2,0,7.438972142620953,1,853,19
15,2,0,7.775618441956898,1,409,7
16,2,0,7.896340120082478,1,1864,10
17,2,0,8.229774082125635,1,1693,8
18,2,0,8.430548044838345,1,3113,13
19,2,0,8.776390443118382,1,5415,12
20,2,0,8.9500323006263,1,276,24
21,2,0,9.726997230118108,1,4758,53
22,2,0,10.288289199117786,1,4796,6
23,2,0,10.437646416129247,1,1042,7
24,2,0,11.065037615273127,1,1049,9
25,2,0,11.470618118659619,1,3671,68
26,2,0,11.50807417932681,1,7435,14
27,2,0,12.008947882859783,1,1860,6
28,2,0,12.038801938650302,1,1926,23
29,2,0,12.451040980911865,1,14,13
30,2,0,12.481486672883834,1,2216,7
31,2,0,12.629071024049749,1,1805,8
32,2,0,13.708732576174874,1,65,8
33,2,0,14.205395720033646,1,5523,15
34,2,0,14.435217161326259,1,4698,18
35,2,0,14.447730160657327,1,4115,73
36,2,0,14.668030590343733,1,522,8
37,2,0,14.886052988306611,1,1711,15
38,2,0,14.97107819391192,1,210,6
39,2,0,15.028578231485241,1,1960,71
40,2,0,15.299855723739332,1,3309,46
41,2,0,15.736679638070562,1,93,14
42,2,0,15.747976911695083,1,1032,11
43,2,0,16.425668332032416,1,3120,7
44,2,0,17.09524356243179,1,3616,36
45,2,0,17.839558127973127,1,4504,6
46,2,0,18.412126951923995,1,1301,16
47,2,0,18.490125961233073,1,186,18
48,2,0,19.020934955887064,1,748,18
49,2,0,19.867116405092744,1,5219,8
50,2,0,20.160350432468896,1,1739,151
51,2,0,20.164235388799188,1,352,16
52,2,0,20.353977725191676,1,22,12
53,2,0,20.712038993996174,1,1050,16
54,2,0,20.808575771959948,1,21,10
55,2,0,21.491593446832198,1,1798,16
56,2,0,21.496390249686055,1,1227,16
57,2,0,22.445493483721247,1,2414,27
58,2,0,22.583423975796595,1,2572,22
59,2,0,22.830427805738832,1,498,28
60,2,0,23.24068438165947,1,4623,10
61,2,0,23.96322512451769,1,5636,22
62,2,0,24.385300814237418,1,7435,16
63,2,0,24.513768820319445,1,1344,9
64,2,0,24.610826145933522,1,873,12
65,2,0,24.669489832838085,1,900,7
66,2,0,24.7278739143822,1,76,12
67,2,0,25.52882000722625,1,617,18
68,2,0,26.031521838194447,1,842,6
69,2,0,26.410933959017264,1,2699,19
70,2,0,26.54658922885219,1,527,379
71,2,0,26.56691582763315,1,1942,10
72,2,0,27.166230687002017,1,765,27
73,2,0,27.201903239945167,1,2656,9
74,2,0,27.40626269559949,1,389,7
75,2,0,27.524298816781897,1,7436,12
76,2,0,27.63688283209297,1,578,13
77,2,0,29.762234932517476,1,2075,6
78,2,0,29.955719681573573,1,2361,13
79,2,0,31.237727942302566,1,124,22
80,2,0,31.315013270666988,1,2711,14
81,2,0,31.626208742846735,1,4176,12
82,2,0,32.249279569913405,1,1911,15
83,2,0,33.097186619449815,1,1135,14
84,2,0,33.41946280494654,1,7,10
85,2,0,34.1523622772433,1,1342,26
86,2,0,34.15536866631513,1,2379,22
87,2,0,35.161301718583054,1,580,12
88,2,0,35.36314329147061,1,1148,10
89,2,0,35.51549651298347,1,767,10
90,2,0,35.63417432881725,1,95,13
91,2,0,35.82017161928105,1,2558,7
92,2,0,37.32619795562145,1,2386,31
93,2,0,37.57445380984501,1,978,9
94,2,0,37.652334906163766,1,2130,43
95,2,0,37.83693723383787,1,685,9
96,2,0,37.9312811061081,1,2748,46
97,2,0,37.96907986030282,1,6820,26
98,2,0,38.200749664498,1,936,6
99,2,0,38.34077334951163,1,3143,9
100,2,0,38.35190215261585,1,2420,9
101,2,0,38.38217290735193,1,122,162
102,2,0,38.779784325579946,1,1862,19
103,2,0,38.82738461008312,1,1264,9
104,2,0,39.32107244657777,1,74,8
105,2,0,39.71653749423925,1,2363,14
106,2,0,40.364882379408655,1,135,256
107,2,0,40.55545205368029,1,940,12
108,2,0,41.02600458069444,1,7315,26
109,2,0,41.051948994573365,1,2116,9
110,2,0,41.353299930153284,1,2361,6
111,2,0,42.63750233133865,1,2969,62
112,2,0,42.641546869306865,1,416,52
113,2,0,43.56930917315283,1,2168,9
114,2,0,43.66189230016438,1,2558,37
115,2,0,44.14435703646348,1,76,8
116,2,0,44.283140408698735,1,2083,6
117,2,0,44.46045241576799,1,109,14
118,2,0,44.495239180290596,1,4880,55
119,2,0,44.51667728454736,1,1385,8
120,2,0,45.125183504015816,1,2551,7
121,2,0,45.18986985731437,1,6397,16
122,2,0,45.29333157885787,1,833,13
123,2,0,45.69280282599783,1,1881,11
124,2,0,45.97104557675241,1,1847,12
125,2,0,45.99609539487491,1,76,16
126,2,0,46.243035457486634,1,92,7
127,2,0,46.29635096036492,1,2152,12
128,2,0,46.63799909293602,1,299,9
129,2,0,46.81127396617825,1,4648,7
130,2,0,47.70461973502329,1,1563,6
131,2,0,47.71596757296382,1,2468,126
132,2,0,48.695467140840975,1,179,16
133,2,0,49.22673477505689,1,1492,8
134,2,0,49.35613106140964,1,7432,23
135,2,0,49.487222288131576,1,16,13
136,2,0,50.054675161588825,1,220,17
137,2,0,50.179675878782874,1,75,9
138,2,0,50.583340135390735,1,1981,20
139,2,0,50.697566013399914,1,133,9
140,2,0,50.8095525316009,1,6735,6
141,2,0,51.54174809662556,1,3653,6
142,2,0,51.62247241646829,1,1379,9
143,2,0,51.980368036332216,1,277,9
144,2,0,52.20425658225265,1,5763,67
145,2,0,52.42152596534248,1,1486,9
146,2,0,52.55239560467514,1,46,63
147,2,0,52.75419778799289,1,1147,9
148,2,0,52.91282420711923,1,22,8
149,2,0,53.78680366628906,1,575,45
150,2,0,53.822771604078135,1,1383,31
151,2,0,53.909429303776164,1,879,7
152,2,0,53.912437335048395,1,906,7
153,2,0,53.988785802790034,1,136,7
154,2,0,54.24097167849641,1,3034,25
155,2,0,54.458964278553516,1,867,20
156,2,0,54.693415251689125,1,1818,19
157,2,0,54.8631334867095,1,5913,285
158,2,0,55.42467298204258,1,7436,17
159,2,0,55.513134291536375,1,1380,8
160,2,0,56.60802816523912,1,436,26
161,2,0,56.974708114447544,1,5981,70
162,2,0,57.415798993536136,1,155,35
163,2,0,58.21772104890663,1,7426,99
164,2,0,58.30833973732517,1,2278,61
165,2,0,58.315926316332956,1,5469,11
166,2,0,58.68711291043483,1,96,12
167,2,0,58.78642715192729,1,4393,10
168,2,0,58.860251921115136,1,672,16
169,2,0,58.93589119865713,1,397,6
170,2,0,59.14227780493911,1,1201,12
171,2,0,59.51839032764764,1,1394,8
172,2,0,59.593452191081454,1,1799,39
173,2,0,59.65802119428554,1,974,11
174,2,0,59.77042481977223,1,2190,11
175,2,0,59.80743845117915,1,3344,10
176,2,0,60.172175999709125,1,4556,11
177,2,0,60.37884214590255,1,3738,20
178,2,0,60.77278449189933,1,3,15
179,2,0,60.90538258361743,1,190,8
180,2,0,61.18960843871462,1,3335,9
181,2,0,61.52920791097687,1,76,61
182,2,0,62.18293060482234,1,119,11
183,2,0,62.66668965860174,1,5546,16
184,2,0,62.958265144829,1,221,58
185,2,0,63.08415018787753,1,508,7
186,2,0,63.495839397244715,1,5224,28
187,2,0,63.5080625724839,1,1392,10
188,2,0,64.66870816968776,1,1385,30
189,2,0,64.74071699084688,1,2331,13
190,2,0,65.06229680787553,1,1037,12
191,2,0,65.07034973553195,1,1700,12
192,2,0,65.53208710053114,1,181,21
193,2,0,65.94399521488292,1,1375,10
194,2,0,66.0421211804751,1,2469,24
195,2,0,66.73078497946325,1,343,8
196,2,0,67.43923934317034,1,144,9
197,2,0,68.38103903434617,1,3647,24
198,2,0,68.56014826948154,1,181,38
199,2,0,69.2358448247772,1,447,13
200,2,0,69.58602574230801,1,506,22
201,2,0,69.77407500628198,1,3036,159
202,2,0,69.98802013028683,1,11,15
203,2,0,70.2929488721077,1,1153,9
204,2,0,70.86228492528025,1,158,14
205,2,0,71.20322412729931,1,3045,6
206,2,0,71.76008646017753,1,1692,12
207,2,0,71.99713413377849,1,539,9
208,2,0,72.41973078303276,1,1761,7
209,2,0,72.53186826588428,1,650,9
210,2,0,72.7024316078937,1,355,84
211,2,0,72.748135049334,1,630,9
212,2,0,72.85677190226508,1,1528,19
213,2,0,73.22410007967292,1,2433,19
214,2,0,73.45100680786169,1,2485,11
215,2,0,73.5318903186421,1,1541,9
216,2,0,74.17259684257719,1,2045,96
217,2,0,74.21842141525781,1,176,7
218,2,0,75.30193584895683,1,625,60
219,2,0,75.48546426347808,1,6582,7
220,2,0,75.67128982853471,1,7425,21
221,2,0,76.81121980847313,1,3058,16
222,2,0,77.35736762801146,1,928,10
223,2,0,77.56628847784795,1,2439,6
224,2,0,77.69752313039784,1,5074,20
225,2,0,78.04364801098677,1,1638,12
226,2,0,78.12722929907981,1,749,37
227,2,0,78.52499263839769,1,2608,9
228,2,0,79.08670836468389,1,2888,11
229,2,0,79.27355153301417,1,505,34
230,2,0,79.59451947570852,1,3747,6
231,2,0,79.6046739957124,1,2755,15
232,2,0,79.65734170531792,1,453,46
233,2,0,79.75174440265555,1,456,28
234,2,0,80.22414127163896,1,14,11
235,2,0,81.08104899887212,1,811,26
236,2,0,81.4248989146352,1,7437,8
237,2,0,81.48978728893515,1,2238,12
238,2,0,82.24020516587258,1,2074,15
239,2,0,82.92986216475451,1,207,9
240,2,0,83.21003144685758,1,3530,13
241,2,0,83.3023335761741,1,7435,16
242,2,0,83.43984585436881,1,135,15
243,2,0,83.71376631760214,1,522,9
244,2,0,83.95750129788644,1,2292,10
245,2,0,84.90976577692979,1,1884,16
246,2,0,85.28878590852031,1,511,6
247,2,0,86.3697964894968,1,2354,16
248,2,0,86.64640909290792,1,1611,20
249,2,0,86.69445720516426,1,3338,40
250,2,0,87.08759516447135,1,485,15
251,2,0,87.43490793503072,1,316,248
252,2,0,87.44673205115784,1,4456,12
253,2,0,87.51730406545151,1,3622,12
254,2,0,87.768253704289,1,1116,57
255,2,0,87.80347084312052,1,987,12
256,2,0,87.80557004940316,1,1342,31
257,2,0,88.31289785080986,1,1033,133
258,2,0,88.55519800909647,1,6082,37
259,2,0,88.57634729929323,1,1175,14
260,2,0,88.59728994983372,1,4688,9
261,2,0,88.98944838284812,1,2156,19
262,2,0,89.48937675590112,1,1492,9
263,2,0,90.19935700275452,1,1255,19
264,2,0,90.30099431706886,1,1798,17
265,2,0,90.9648573337155,1,772,18
266,2,0,91.07740332920685,1,5978,9
267,2,0,91.81278072815262,1,3269,7
268,2,0,91.82312841068763,1,900,7
269,2,0,93.06385158828067,1,47,34
270,2,0,93.32449343805267,1,4188,8
271,2,0,93.69900606169887,1,590,14
272,2,0,94.27839064884029,1,131,15
273,2,0,95.1650015601791,1,737,34
274,2,0,95.32023066221777,1,59,7
275,2,0,95.33506052669725,1,3768,15
276,2,0,95.44696256526403,1,884,10
277,2,0,95.49079741092989,1,1046,11
278,2,0,95.65712774808617,1,112,9
279,2,0,96.11909289656971,1,1911,16
280,2,0,96.3668294587408,1,15,7
281,2,0,96.44307084986117,1,2308,13
282,2,0,96.5549064713781,1,1592,97
283,2,0,96.76418426225935,1,3659,18
284,2,0,97.54610407801431,1,1492,10
285,2,0,97.56057366615059,1,156,8
286,2,0,97.68688524322052,1,7437,12
287,2,0,97.89161039497814,1,337,25
288,2,0,98.29953039525729,1,926,6
289,2,0,98.52817171167072,1,357,18
290,2,0,98.86393355330472,1,1599,7
291,2,0,99.03048689910509,1,560,11
292,2,0,99.05396130692414,1,45,9
293,2,0,100.15689383191312,1,1435,9
294,2,0,101.38711606980138,1,2603,14
295,2,0,101.89175352477838,1,56,60
296,2,0,102.17434223923203,1,15,7
297,2,0,102.27116095839993,1,2077,12
298,2,0,102.2758036830097,1,862,9
299,2,0,102.2822667386817,1,737,19
300,2,0,102.51642280332253,1,94,6
301,2,0,103.34754224290408,1,7436,23
302,2,0,103.37939442796171,1,3865,9
303,2,0,103.6608417278617,1,2684,31
304,2,0,103.81815828222379,1,133,12
305,2,0,103.96674543769011,1,3537,9
306,2,0,104.64147276914365,1,1194,9
307,2,0,104.74763719359433,1,368,6
308,2,0,104.87479321382415,1,19,7
309,2,0,105.68579800574142,1,4209,127
310,2,0,105.83548219617536,1,1601,15
311,2,0,106.32528294542091,1,57,10
312,2,0,106.69257973638811,1,3147,8
313,2,0,107.25912749178231,1,3231,37
314,2,0,107.42881070845625,1,2971,7
315,2,0,107.54693400720849,1,1670,22
316,2,0,108.03340682739419,1,196,45
317,2,0,108.20087718998394,1,3925,6
318,2,0,108.2064579886436,1,908,13
319,2,0,110.4348669956252,1,2001,11
320,2,0,110.57033134319391,1,2113,6
321,2,0,110.70015849580325,1,926,16
322,2,0,110.96096286600586,1,3657,12
323,2,0,111.70354076099787,1,5036,115
324,2,0,111.85145021019446,1,2350,27
325,2,0,112.20284708526997,1,1463,6
326,2,0,112.40292925345484,1,5914,13
327,2,0,112.42062733769745,1,376,21
328,2,0,112.98277725071729,1,1021,7
329,2,0,113.31478074197753,1,1428,6
330,2,0,113.77357975052672,1,700,9
331,2,0,113.91702956708787,1,3823,14
332,2,0,113.99240686519555,1,2362,9
333,2,0,114.41974607662107,1,7436,7
334,2,0,114.5735411216262,1,2326,29
335,2,0,114.7176203022251,1,189,6
336,2,0,115.32098864607879,1,771,85
337,2,0,115.5712254882289,1,34,9
338,2,0,116.29227202464139,1,3139,9
339,2,0,116.53595536729634,1,3338,7
340,2,0,116.73779688805908,1,5907,39
341,2,0,116.85794700924716,1,1367,57
342,2,0,116.9880555251314,1,180,6
343,2,0,117.38170047032865,1,106,6
344,2,0,117.51552438441753,1,4113,10
345,2,0,117.63239223558868,1,2339,11
346,2,0,118.1771070459592,1,2416,16
347,2,0,118.61956987712884,1,7436,17
348,2,0,119.0111496115377,1,1077,88
349,2,0,119.15231397789549,1,189,12
350,2,0,119.40854848603402,1,64,7
351,2,0,119.5469115065231,1,1223,12
352,2,0,119.71057886558816,1,1079,24
353,2,0,120.09553084860262,1,39,12
354,2,0,121.46189923559581,1,1783,8
355,2,0,123.47910024612685,1,2096,258
356,2,0,123.48171288897987,1,4821,16
357,2,0,123.56917311547232,1,680,14
358,2,0,123.75437517555717,1,2618,22
359,2,0,123.75679508775632,1,1028,19
360,2,0,123.77294542825928,1,128,131
361,2,0,123.86632564840042,1,5754,18
362,2,0,124.00576668224784,1,2432,18
363,2,0,124.20827631561804,1,2443,13
364,2,0,124.7216917019137,1,1093,109
365,2,0,124.80694368289853,1,2047,7
366,2,0,124.87810418674127,1,924,10
367,2,0,125.61461642276329,1,1310,11
368,2,0,125.7143255782881,1,4301,10
369,2,0,125.78813868939177,1,276,7
370,2,0,126.03006337638287,1,2775,45
371,2,0,126.06329548298393,1,1948,13
372,2,0,126.41926283069505,1,4065,20
373,2,0,127.30450074981083,1,5133,29
374,2,0,127.31446002883133,1,1376,6
375,2,0,127.74987285378334,1,752,13
376,2,0,127.9718194731785,1,179,9
377,2,0,128.41497799491836,1,2743,7
378,2,0,128.51896492405405,1,4306,15
379,2,0,129.00813458265935,1,671,20
380,2,0,129.293870219678,1,7437,10
381,2,0,129.65247708934385,1,2056,90
382,2,0,129.69231909227037,1,3281,7
383,2,0,129.89510718043437,1,7436,11
384,2,0,130.07866733690406,1,982,8
385,2,0,130.20013502293315,1,497,8
386,2,0,130.44541995285303,1,1810,6
387,2,0,130.68300528638798,1,2137,33
388,2,0,130.76512420592104,1,147,38
389,2,0,131.65202933536094,1,767,73
390,2,0,131.76333871794375,1,2643,49
391,2,0,132.1214446307069,1,3932,9
392,2,0,132.1898303856461,1,2168,13
393,2,0,132.20095518698622,1,1481,8
394,2,0,132.20952788479434,1,38,31
395,2,0,132.8338401999418,1,191,16
396,2,0,133.115731060768,1,1502,11
397,2,0,133.17543174607144,1,1008,19
398,2,0,133.19548847449707,1,1475,12
399,2,0,133.95611998849924,1,2298,22
400,2,0,134.05054653623142,1,2508,6
401,2,0,134.38109895502907,1,1137,38
402,2,0,135.2960805490594,1,78,14
403,2,0,136.06069687412327,1,7436,22
404,2,0,136.16198210448692,1,615,9
405,2,0,136.63224335555245,1,3286,45
406,2,0,136.75113472107267,1,2776,16
407,2,0,136.85081009639117,1,6426,6
408,2,0,137.24898164325666,1,72,30
409,2,0,137.57121034179627,1,7429,10
410,2,0,138.0245891050263,1,4163,9
411,2,0,138.31578324127292,1,4369,16
412,2,0,138.51444624748146,1,3039,7
413,2,0,138.62420268536144,1,2306,10
414,2,0,138.73648712681626,1,139,10
415,2,0,140.04425648227087,1,631,24
416,2,0,140.5037660572642,1,2867,10
417,2,0,141.45189262026818,1,220,13
418,2,0,141.75403334711788,1,1864,60
419,2,0,141.8492538788787,1,3741,7
420,2,0,142.27102449357517,1,776,8
421,2,0,142.45696515584086,1,1799,16
422,2,0,142.9411001608393,1,1093,18
423,2,0,143.69311690954638,1,1197,6
424,2,0,144.42186566203364,1,3579,6
425,2,0,144.61247420913344,1,2446,129
426,2,0,144.6373620468818,1,2798,6
427,2,0,144.72356561760884,1,3030,16
428,2,0,144.99509221757836,1,59,14
429,2,0,145.2272235319547,1,1397,10
430,2,0,145.78179913881425,1,2093,13
431,2,0,146.07270386453612,1,2264,273
432,2,0,146.26596600951973,1,1075,17
433,2,0,146.64243480759365,1,1086,9
434,2,0,146.9624047755662,1,1481,14
435,2,0,148.1377689985585,1,894,8
436,2,0,148.30378841850492,1,3231,54
437,2,0,148.34877806628492,1,444,32
438,2,0,148.7601410625756,1,985,11
439,2,0,148.76878127082048,1,127,6
440,2,0,149.2970395201343,1,7437,43
441,2,0,149.35066646349088,1,1590,33
442,2,0,149.39554355746066,1,1833,37
443,2,0,149.47170167696504,1,6397,25
444,2,0,149.9387217158989,1,731,11
445,2,0,149.96461631402562,1,3614,10
446,2,0,150.4152345456712,1,11,46
447,2,0,150.42648427038745,1,1860,31
448,2,0,150.9233593353875,1,1693,13
449,2,0,151.10249680823765,1,287,11
450,2,0,151.27777697485018,1,828,8
451,2,0,151.4713777368823,1,6139,11
452,2,0,151.7413710557328,1,1105,8
453,2,0,151.80226604442007,1,2005,9
454,2,0,152.07019597376993,1,3671,10
455,2,0,152.51647179578697,1,222,64
456,2,0,152.6644484295035,1,2157,12
457,2,0,152.72059238117782,1,74,13
458,2,0,152.76493610594164,1,3195,28
459,2,0,152.7968510324596,1,2095,33
460,2,0,153.44365565977353,1,43,10
461,2,0,153.49187322208695,1,3126,15
462,2,0,154.26124489611558,1,7354,8
463,2,0,154.37216383539518,1,2114,11
464,2,0,154.73843877817748,1,1732,14
465,2,0,154.91723022235942,1,1540,139
466,2,0,155.08477426979525,1,7436,10
467,2,0,155.54510125361688,1,2989,12
468,2,0,155.9144583750739,1,6140,14
469,2,0,156.3740398351819,1,914,697
470,2,0,156.4194596809689,1,1429,11
471,2,0,156.44856496963806,1,384,10
472,2,0,156.52884562156726,1,1640,9
473,2,0,156.60963141363894,1,985,16
474,2,0,156.73051330204456,1,1667,8
475,2,0,156.9726309730484,1,6483,16
476,2,0,157.11328777606425,1,146,10
477,2,0,157.5369519652941,1,1234,9
478,2,0,157.69330204399176,1,2071,7
479,2,0,157.77884596059846,1,1555,42
480,2,0,158.08177859891768,1,2640,75
481,2,0,158.39838357032127,1,1618,40
482,2,0,158.5321743683223,1,1320,6
483,2,0,158.80313284640792,1,106,7
484,2,0,159.20312161880852,1,5423,16
485,2,0,159.55677246476546,1,100,13
486,2,0,159.64764016877677,1,596,13
487,2,0,160.50092977889642,1,2345,13
488,2,0,160.8001589446228,1,3137,9
489,2,0,161.3185248143773,1,215,43
490,2,0,161.44142194473693,1,821,153
491,2,0,161.5481588615571,1,7436,15
492,2,0,161.75619007480398,1,2818,7
493,2,0,162.15716417666698,1,6139,7
494,2,0,162.15729876603643,1,986,17
495,2,0,162.26367396944647,1,298,10
496,2,0,162.51030723187793,1,1909,7
497,2,0,162.526851973011,1,825,57
498,2,0,162.58860828377695,1,6077,11
499,2,0,163.2883562841694,1,3686,17
500,2,0,163.7895249361575,1,2382,12
501,2,0,164.37973452552268,1,5907,61
502,2,0,164.70850121939677,1,260,63
503,2,0,165.03354293555793,1,7411,29
504,2,0,165.2202876604412,1,1252,12
505,2,0,165.4175887310189,1,1968,11
506,2,0,166.12464095963037,1,2140,20
507,2,0,166.58272026922552,1,2798,6
508,2,0,166.74753994266987,1,774,11
509,2,0,166.8044276756707,1,517,28
510,2,0,166.97904185988443,1,880,11
511,2,0,169.0223003282693,1,4745,18
512,2,0,169.4322677033523,1,127,135
513,2,0,169.4920483125073,1,51,16
514,2,0,169.73629798803094,1,1125,9
515,2,0,170.0522805757123,1,1500,49
516,2,0,170.13955356557392,1,496,36
517,2,0,170.44921471150573,1,1021,6
518,2,0,170.61601082183202,1,1454,7
519,2,0,170.92181775821902,1,2524,58
520,2,0,170.9393480138392,1,155,11
521,2,0,171.20559801017436,1,2981,11
522,2,0,171.30712578540113,1,1032,23
523,2,0,171.43576707683616,1,7432,6
524,2,0,171.57413597366713,1,708,7
525,2,0,171.86308356821564,1,2403,15
526,2,0,172.10873727223904,1,996,15
527,2,0,172.20853407303545,1,2648,31
528,2,0,172.2903080618282,1,202,940
529,2,0,172.71265447479615,1,1321,16
530,2,0,173.37792052627822,1,2449,8
531,2,0,173.37901440263892,1,2284,6
532,2,0,173.70536600785476,1,1112,9
533,2,0,173.87012425410094,1,6818,6
534,2,0,173.89470156277875,1,3648,11
535,2,0,174.0457442449868,1,1106,6
536,2,0,174.24779992922288,1,1428,11
537,2,0,174.51371428070067,1,1502,22
538,2,0,174.80307226116503,1,265,67
539,2,0,175.435858099154,1,2357,6
540,2,0,175.55622854322132,1,842,25
541,2,0,175.74445268759428,1,6587,7
542,2,0,175.91815864906854,1,86,6
543,2,0,176.8096095342813,1,821,47
544,2,0,176.99276050202698,1,2720,16
545,2,0,177.40858324970316,1,930,23
546,2,0,177.49291076114466,1,896,16
547,2,0,177.72312420022055,1,3022,15
548,2,0,178.40224664156503,1,138,9
549,2,0,178.5617272046111,1,2121,405
550,2,0,178.73630421990848,1,1850,15
551,2,0,178.73963603882328,1,231,16
552,2,0,178.76013987187375,1,1582,34
553,2,0,178.84402692433437,1,197,9
554,2,0,179.1224914093818,1,3087,12
555,2,0,179.2626168263099,1,910,13
556,2,0,179.58850112606626,1,1392,14
557,2,0,179.80874835702653,1,5544,9
558,2,0,179.92695330461694,1,37,51
559,2,0,180.3431666289853,1,2783,8
560,2,0,180.86070008376083,1,4868,11
561,2,0,180.88187673526645,1,1278,16
562,2,0,181.05619484043,1,1230,7
563,2,0,181.29464451720025,1,1512,87
564,2,0,181.4102736148211,1,3222,12
565,2,0,181.82965671499815,1,1003,18
566,2,0,182.1811781524946,1,1991,238
567,2,0,182.79343978397517,1,3488,7
568,2,0,182.8400525347676,1,5218,22
569,2,0,182.9038424110436,1,138,9
570,2,0,183.69154776756508,1,251,10
571,2,0,184.15218878052562,1,163,10
572,2,0,184.26290612002632,1,1897,10
573,2,0,185.4960615488875,1,1112,20
574,2,0,185.5356467845446,1,68,6
575,2,0,185.6323362244647,1,3718,7
576,2,0,185.7150901339169,1,2985,9
577,2,0,186.41819960310178,1,759,6
578,2,0,186.57943243359674,1,1699,31
579,2,0,186.63909710289025,1,1463,9
580,2,0,186.70825950462796,1,5479,192
581,2,0,186.97510504201648,1,737,18
582,2,0,187.18646163667538,1,4803,26
583,2,0,187.7019029044432,1,7437,6
584,2,0,188.14081431794278,1,545,15
585,2,0,188.16237051006422,1,442,21
586,2,0,188.26380688839416,1,1297,18
587,2,0,188.72550055174878,1,2230,24
588,2,0,188.80040452666597,1,409,9
589,2,0,188.96288724258008,1,729,23
590,2,0,189.00011345365155,1,4107,31
591,2,0,189.27703886113633,1,2825,12
592,2,0,189.65004392121483,1,3022,10
593,2,0,190.54346206256744,1,7435,9
594,2,0,191.17637208011698,1,1336,37
595,2,0,191.33935060571983,1,6599,28
596,2,0,191.44074377883362,1,3519,48
597,2,0,191.49979734924582,1,2026,9
598,2,0,191.54741327692673,1,2278,10
599,2,0,192.5143020675619,1,40,15
600,2,0,192.91782177799894,1,196,12
601,2,0,192.95033451937218,1,817,14
602,2,0,193.28382019174754,1,962,37
603,2,0,193.37620196662505,1,1393,13
604,2,0,193.59758580343558,1,2238,14
605,2,0,194.2418563784049,1,4113,13
606,2,0,194.34701245350183,1,1697,20
607,2,0,194.37684307827385,1,162,23
608,2,0,194.47557921502985,1,1357,6
609,2,0,194.89344263271445,1,1347,6
610,2,0,195.5774235112204,1,4083,11
611,2,0,195.8494148609802,1,7435,10
612,2,0,196.0823993210684,1,45,13
613,2,0,196.24158788638238,1,2971,13
614,2,0,196.3499899449923,1,3157,12
615,2,0,196.55512245715872,1,7436,9
616,2,0,197.26032970874385,1,198,9
617,2,0,197.67195539873575,1,538,14
618,2,0,198.3426339747393,1,2122,65
619,2,0,198.56061769153712,1,2305,22
620,2,0,198.71623979868528,1,6419,13
621,2,0,199.04212052662234,1,1739,66
622,2,0,199.17847214455767,1,47,25
623,2,0,199.26613966321554,1,126,6
624,2,0,199.74495433497017,1,1803,8
625,2,0,199.78090517431272,1,6261,10
626,2,0,199.92788943842652,1,2462,12
627,2,0,200.51238378730562,1,3147,26
628,2,0,201.16002656880323,1,105,9
629,2,0,201.93641074522446,1,166,13
630,2,0,202.01366710977712,1,7139,7
631,2,0,202.12189497788177,1,209,12
632,2,0,202.93125513984023,1,2400,15
633,2,0,202.9993734440292,1,1028,12
634,2,0,203.08806142388093,1,2689,9
635,2,0,203.16783332164832,1,2322,6
636,2,0,203.44246110840965,1,7436,7
637,2,0,203.57900300785673,1,701,6
638,2,0,203.70959347506292,1,859,79
639,2,0,203.79215182267308,1,3276,135
640,2,0,204.13795475767847,1,93,9
641,2,0,204.15708967085862,1,1169,15
642,2,0,204.97055511327642,1,15,14
643,2,0,205.56164915911378,1,603,6
644,2,0,206.0726026445028,1,143,7
645,2,0,206.36739268781605,1,1195,26
646,2,0,207.601816257685,1,714,43
647,2,0,207.82153586369253,1,1302,63
648,2,0,207.92822274862772,1,1722,10
649,2,0,208.8795266043599,1,2228,45
650,2,0,208.95488388381582,1,4333,8
651,2,0,209.32048355235807,1,620,8
652,2,0,209.5088484584409,1,603,11
653,2,0,209.5160880752916,1,1897,15
654,2,0,209.65582953488712,1,847,20
655,2,0,209.99658217726915,1,342,12
656,2,0,210.56337728021413,1,4107,13
657,2,0,211.61421589998,1,699,13
658,2,0,211.84664536602102,1,79,6
659,2,0,211.97937967828878,1,416,13
660,2,0,212.01097688184356,1,1908,10
661,2,0,212.19065831971395,1,6587,10
662,2,0,213.04566274739088,1,569,205
663,2,0,213.36730444797428,1,62,7
664,2,0,213.45480240109438,1,2324,39
665,2,0,213.496378331515,1,7435,127
666,2,0,213.68288397366888,1,1375,7
667,2,0,214.14860574557503,1,6097,16
668,2,0,214.64327650722464,1,7437,121
669,2,0,214.6753468347926,1,1007,13
670,2,0,215.1137236153851,1,68,7
671,2,0,215.45480817503275,1,2369,7
672,2,0,215.74595374966745,1,6097,7
673,2,0,216.0902551248263,1,2383,9
674,2,0,216.1133488233825,1,891,12
675,2,0,216.1269292863246,1,7103,16
676,2,0,216.15653253252074,1,1376,14
677,2,0,216.1634876960652,1,768,16
678,2,0,216.2082086748265,1,698,6
679,2,0,217.06855261216592,1,10,31
680,2,0,217.96573786960832,1,362,20
681,2,0,218.0635716901423,1,7437,10
682,2,0,218.14657317884615,1,1330,6
683,2,0,218.21624015676664,1,596,20
684,2,0,218.40638528959337,1,2297,30
685,2,0,218.6118290981004,1,767,25
686,2,0,218.85875853082968,1,775,26
687,2,0,219.11434583803924,1,971,58
688,2,0,219.4266672401639,1,1500,14
689,2,0,219.5362146410303,1,7436,13
690,2,0,219.61619461158637,1,1288,14
691,2,0,219.88193645936866,1,2810,12
692,2,0,220.41465168251878,1,3001,7
693,2,0,220.51195445602397,1,2299,8
694,2,0,221.10939815448893,1,701,129
695,2,0,221.33998250487446,1,6166,9
696,2,0,221.36098274479974,1,615,15
697,2,0,221.57444271387877,1,518,10
698,2,0,222.10800496304188,1,331,52
699,2,0,222.14788712151838,1,73,12
700,2,0,222.24910980149377,1,261,14
701,2,0,222.9763417835968,1,7437,7
702,2,0,223.07695804095394,1,3484,13
703,2,0,223.69387539743775,1,1046,6
704,2,0,223.72338443302576,1,57,9
705,2,0,224.27945140051722,1,2676,17
706,2,0,225.63603141423974,1,1428,100
707,2,0,226.02661530621572,1,4441,8
708,2,0,226.43181501596897,1,5479,13
709,2,0,226.72308567966573,1,3235,6
710,2,0,226.98556522199755,1,234,19
711,2,0,227.48843548508117,1,78,10
712,2,0,228.98001366656328,1,1570,7
713,2,0,229.22852167922608,1,1025,11
714,2,0,229.3188205674885,1,1005,6
715,2,0,229.8424404313363,1,90,17
716,2,0,229.9523902079249,1,291,7
717,2,0,231.10804638865503,1,2332,55
718,2,0,231.1474278498763,1,1479,10
719,2,0,232.36514470433988,1,15,71
720,2,0,232.90800081258183,1,747,7
721,2,0,233.12694200326726,1,7436,23
722,2,0,233.15193582860954,1,1075,21
723,2,0,233.50453039058326,1,855,10
724,2,0,233.9744041276337,1,2691,28
725,2,0,234.55249083756974,1,5516,337
726,2,0,235.24337513551154,1,4154,17
727,2,0,235.54105093178356,1,3254,16
728,2,0,235.7371538525689,1,3653,139
729,2,0,235.7827971461237,1,935,61
730,2,0,235.83028594015784,1,1118,10
731,2,0,235.86877446491604,1,1563,18
732,2,0,236.08098857536402,1,3046,15
733,2,0,236.12308525954677,1,6175,9
734,2,0,236.1960421038987,1,1608,16
735,2,0,236.59910444608687,1,1270,13
736,2,0,236.8331284591924,1,310,18
737,2,0,237.19621707712494,1,1547,7
738,2,0,237.58232751738777,1,3833,17
739,2,0,237.91242394027486,1,2925,9
740,2,0,238.05427744242985,1,7436,14
741,2,0,238.26052447459975,1,7375,15
742,2,0,238.28639424855612,1,3538,9
743,2,0,238.44496637700263,1,58,9
744,2,0,239.2368959966367,1,509,14
745,2,0,239.6780999740256,1,7436,13
746,2,0,240.77930968627217,1,3604,7
747,2,0,241.45187742774735,1,912,9
748,2,0,241.782422689983,1,956,10
749,2,0,241.8308094628589,1,2582,7
750,2,0,242.24416607171648,1,56,40
751,2,0,243.0690762663875,1,7074,39
752,2,0,243.090490680229,1,1175,8
753,2,0,243.14068471608917,1,2020,8
754,2,0,243.32848932525172,1,1292,16
755,2,0,243.3966720842958,1,7435,19
756,2,0,243.65119310010977,1,2815,23
757,2,0,243.85067144980405,1,2945,6
758,2,0,243.93318063968871,1,4343,9
759,2,0,244.06309211122374,1,6510,26
760,2,0,244.20411582462202,1,428,21
761,2,0,244.33260761174685,1,7436,22
762,2,0,244.58846828971065,1,7408,10
763,2,0,244.82374270829018,1,7435,13
764,2,0,245.22363915164888,1,181,9
765,2,0,245.3369587769973,1,61,6
766,2,0,246.63920528828126,1,2936,15
767,2,0,247.8935393330189,1,1691,25
768,2,0,248.75198062621882,1,822,7
769,2,0,248.8148554969013,1,94,17
770,2,0,249.48905032642867,1,988,69
771,2,0,249.94607137107081,1,4770,18
772,2,0,249.97728042228852,1,735,19
773,2,0,250.06223456468362,1,2265,7
774,2,0,250.39225684113384,1,1046,6
775,2,0,250.4155305105045,1,259,35
776,2,0,251.26313367698333,1,68,9
777,2,0,252.0146625675565,1,3509,26
778,2,0,252.30452103297557,1,172,17
779,2,0,252.4738853520814,1,2677,13
780,2,0,252.66031491598133,1,4559,12
781,2,0,252.94284434462014,1,1305,18
782,2,0,252.99054400441835,1,303,25
783,2,0,253.28836931647444,1,1828,777
784,2,0,253.84609375794793,1,982,19
785,2,0,254.0174987635114,1,1707,11
786,2,0,254.2620224152556,1,391,7
787,2,0,254.28633928643868,1,3671,52
788,2,0,254.3116343152851,1,1021,14
789,2,0,254.36918826530228,1,1081,18
790,2,0,254.38482148961523,1,71,19
791,2,0,254.85631438753995,1,170,18
792,2,0,254.92181307228628,1,282,16
793,2,0,254.95142117350383,1,1778,6
794,2,0,255.2388585443058,1,1011,9
795,2,0,255.3213886078531,1,2303,9
796,2,0,255.66834779886952,1,56,19
797,2,0,256.23433024696425,1,66,16
798,2,0,256.26058145181224,1,7436,9
799,2,0,256.9365125588663,1,3230,57
800,2,0,256.96797741036005,1,7436,9
801,2,0,257.0758807094012,1,7412,13
802,2,0,257.5565740878174,1,3720,6
803,2,0,258.01372775293646,1,2163,6
804,2,0,258.0313725532977,1,5970,11
805,2,0,258.5821237261829,1,1374,9
806,2,0,258.64950963561273,1,1687,10
807,2,0,258.80299609191707,1,103,10
808,2,0,258.86002991014533,1,778,307
809,2,0,258.88885476647613,1,601,12
810,2,0,258.95465597377444,1,2422,19
811,2,0,259.27588943424087,1,1600,14
812,2,0,259.8933553525971,1,774,9
813,2,0,260.20046065149376,1,2747,7
814,2,0,260.35806083871876,1,337,10
815,2,0,260.49954334361183,1,1278,13
816,2,0,261.5010920056077,1,2430,172
817,2,0,261.54266134851673,1,873,6
818,2,0,261.72907720441503,1,2151,9
819,2,0,261.88680101611686,1,1884,61
820,2,0,262.00290893359846,1,6510,10
821,2,0,262.04183320613146,1,164,9
822,2,0,262.0776280183335,1,843,6
823,2,0,263.22697546168587,1,2299,46
824,2,0,263.2908653342195,1,1179,13
825,2,0,264.08993016224076,1,2455,49
826,2,0,264.69292058702746,1,1464,9
827,2,0,265.03709682151805,1,2696,54
828,2,0,265.1133500474809,1,1227,15
829,2,0,265.1397531891106,1,95,6
830,2,0,265.29354658932306,1,94,8
831,2,0,265.5670397776023,1,1628,9
832,2,0,266.01943158542406,1,3289,21
833,2,0,266.30236435222173,1,1200,15
834,2,0,266.77212138020235,1,1572,12
835,2,0,266.9597643786658,1,866,30
836,2,0,268.0654210077072,1,7435,18
837,2,0,268.3258199124949,1,186,43
838,2,0,269.9606531296786,1,540,17
839,2,0,270.10768802436354,1,2207,26
840,2,0,271.2729775720468,1,2470,6
841,2,0,271.7297925652015,1,1889,9
842,2,0,272.77815119965913,1,184,264
843,2,0,273.9332567430892,1,35,9
844,2,0,273.9432642278143,1,2687,9
845,2,0,274.18880871347886,1,161,10
846,2,0,274.61626346835664,1,1734,12
847,2,0,274.8855321452186,1,938,10
848,2,0,275.0229000815312,1,5140,12
849,2,0,275.04618888374875,1,160,89
850,2,0,275.1437663871657,1,2321,10
851,2,0,275.37953099914324,1,41,10
852,2,0,275.5361110213545,1,2404,8
853,2,0,275.6761699212983,1,981,12
854,2,0,276.0661445734892,1,2037,105
855,2,0,276.10572294907075,1,74,387
856,2,0,276.43288045949697,1,3514,196
857,2,0,276.4973371014523,1,5219,6
858,2,0,276.5371894510475,1,2673,15
859,2,0,277.01675175915716,1,2572,18
860,2,0,277.0517426308602,1,2919,82
861,2,0,277.4182683647098,1,2558,13
862,2,0,277.66834125484513,1,311,28
863,2,0,277.6718701094935,1,1590,7
864,2,0,277.83796963763285,1,2158,15
865,2,0,277.95225807088764,1,698,6
866,2,0,278.5468782959182,1,63,8
867,2,0,279.0675520015375,1,1745,14
868,2,0,279.2745638409733,1,1300,7
869,2,0,279.38883419959564,1,463,30
870,2,0,279.6842202977464,1,2959,79
871,2,0,280.0199825374522,1,1118,8
872,2,0,280.08052136309027,1,968,52
873,2,0,280.718956588573,1,580,19
874,2,0,280.74162906210915,1,3480,9
875,2,0,280.9359182005418,1,185,57
876,2,0,281.1230541961632,1,210,14
877,2,0,281.1248676324414,1,1772,10
878,2,0,281.4391973803397,1,82,22
879,2,0,281.46892971831954,1,2554,10
880,2,0,282.1099583355528,1,2320,17
881,2,0,282.14012715347184,1,1781,53
882,2,0,282.833711071807,1,2473,12
883,2,0,283.0302945640643,1,7436,34
884,2,0,283.1503343670826,1,303,7
885,2,0,283.1705770109856,1,4317,48
886,2,0,283.5848462144054,1,1960,12
887,2,0,283.74046228747017,1,916,9
888,2,0,283.80694854472324,1,5428,17
889,2,0,283.8760080196886,1,5177,8
890,2,0,284.0409971031624,1,7436,6
891,2,0,284.8346424766867,1,537,9
892,2,0,285.3549091140022,1,2729,12
893,2,0,286.15608923368984,1,774,9
894,2,0,286.30394754985144,1,1046,7
895,2,0,287.5638714106479,1,2290,37
896,2,0,289.1067243580012,1,1761,7
897,2,0,289.46429143455623,1,3220,7
898,2,0,289.4970365913235,1,682,10
899,2,0,289.688540969612,1,3216,12
900,2,0,290.52417049979823,1,2758,114
901,2,0,291.03258633551474,1,394,6
902,2,0,291.2708717356759,1,1600,8
903,2,0,292.50543521173864,1,46,14
904,2,0,293.27743658934384,1,178,10
905,2,0,293.79893569141643,1,1403,9
906,2,0,294.1233721916649,1,3214,13
907,2,0,294.5472883300901,1,1835,9
908,2,0,294.8988436398875,1,2848,232
909,2,0,295.0490903166721,1,2005,36
910,2,0,295.51484665879826,1,1852,11
911,2,0,295.93491841284435,1,2438,21
912,2,0,296.2915543833105,1,191,7
913,2,0,296.3839242784977,1,3688,11
914,2,0,296.61748692585707,1,1750,12
915,2,0,296.62295129216517,1,2471,12
916,2,0,296.7629178839097,1,3095,9
917,2,0,297.2425002948957,1,46,11
918,2,0,297.43319296343884,1,261,16
919,2,0,298.1973051107014,1,54,9
920,2,0,298.33884705322964,1,50,6
921,2,0,298.922669673999,1,5820,13
922,2,0,299.00848751452423,1,197,97
923,2,0,299.0438770085571,1,1033,30
924,2,0,299.60247186675673,1,401,30
925,2,0,300.61964808307033,1,390,550
926,2,0,301.255449091835,1,1548,12
927,2,0,301.3530436872157,1,1062,18
928,2,0,301.7138063626512,1,458,103
929,2,0,301.8956488178127,1,1011,8
930,2,0,301.9904065186587,1,3377,10
931,2,0,302.37905888529036,1,894,16
932,2,0,302.5288267237203,1,548,22
933,2,0,303.136853775767,1,2357,61
934,2,0,303.46198770988343,1,147,8
935,2,0,303.47190218571257,1,237,10
936,2,0,303.4742332049517,1,1227,12
937,2,0,304.05212568865755,1,1722,9
938,2,0,304.6514407003474,1,1112,73
939,2,0,306.26850032850746,1,1915,9
940,2,0,306.2843539358509,1,772,150
941,2,0,306.6285473409871,1,7436,7
942,2,0,306.8962686086601,1,1586,55
943,2,0,307.1648051584995,1,1059,15
944,2,0,307.4965377903277,1,3121,27
945,2,0,308.1117975705778,1,518,10
946,2,0,308.37899710955264,1,364,9
947,2,0,308.3979842801952,1,194,76
948,2,0,308.50986932386394,1,456,6
949,2,0,308.82435382375746,1,2738,13
950,2,0,309.089430387014,1,1211,10
951,2,0,309.1876482060332,1,2163,30
952,2,0,309.5415985443184,1,16,18
953,2,0,309.6621800872787,1,804,11
954,2,0,310.68121648112856,1,652,7
955,2,0,311.03597519882976,1,98,57
956,2,0,311.92904993972815,1,1390,7
957,2,0,312.5738554043455,1,3251,14
958,2,0,312.8395560469209,1,1469,13
959,2,0,313.14966805977633,1,4747,11
960,2,0,313.4851803540103,1,2606,19
961,2,0,314.4578090526606,1,6134,7
962,2,0,314.66618872051646,1,204,13
963,2,0,314.7219550333708,1,174,9
964,2,0,314.99034591890296,1,6419,128
965,2,0,315.34897271642876,1,2736,6
966,2,0,315.40136739108885,1,539,13
967,2,0,315.4243422185399,1,74,22
968,2,0,315.6857581691451,1,804,9
969,2,0,315.8226794615422,1,2389,12
970,2,0,315.8701175681744,1,982,28
971,2,0,315.9922142795665,1,2830,53
972,2,0,316.2514268008557,1,141,10
973,2,0,316.26555866966385,1,1414,11
974,2,0,316.2856155990888,1,3510,15
975,2,0,317.1904454609007,1,864,14
976,2,0,317.5184393498548,1,533,14
977,2,0,317.5926885661083,1,1338,12
978,2,0,317.81167883082367,1,1953,8
979,2,0,318.32596323295564,1,4790,7
980,2,0,318.3601040448008,1,1043,10
981,2,0,318.588487074578,1,805,7
982,2,0,319.2937352685606,1,1305,6
983,2,0,319.79159832130324,1,59,6
984,2,0,319.79304209900863,1,2920,21
985,2,0,319.90243176895353,1,423,41
986,2,0,320.0148194796518,1,2389,30
987,2,0,320.2020421815371,1,90,10
988,2,0,321.12458399982677,1,3634,87
989,2,0,321.5345061767571,1,1823,17
990,2,0,321.9432487752231,1,573,13
991,2,0,322.26348261785876,1,3216,6
992,2,0,322.2715768768093,1,46,273
993,2,0,322.52679108667303,1,1913,9
994,2,0,322.56872296757035,1,1398,7
995,2,0,324.07629059198257,1,7435,14
996,2,0,324.2198588404722,1,5025,9
997,2,0,326.8528679367903,1,3336,8
998,2,0,327.32512962055705,1,109,18
999,2,0,327.34326500840245,1,3923,16
1000,2,0,327.89718354034005,1,77,19
1001,2,0,327.9317186496919,1,2331,8
1002,2,0,328.0290221759347,1,1983,26
1003,2,0,328.5263381852834,1,77,12
1004,2,0,328.65451513883914,1,1961,7
1005,2,0,328.6549636313557,1,7435,15
1006,2,0,328.7779243239093,1,1570,13
1007,2,0,328.804891781964,1,3569,13
1008,2,0,328.91659216682086,1,1199,37
1009,2,0,329.00303144725024,1,749,7
1010,2,0,329.5299621729908,1,636,28
1011,2,0,329.82694634763084,1,92,15
1012,2,0,330.2112711787653,1,131,7
1013,2,0,330.3667658785951,1,1236,6
1014,2,0,330.6665779637865,1,5218,12
1015,2,0,330.9471562226226,1,292,7
1016,2,0,331.23154443050396,1,103,10
1017,2,0,331.44747946048926,1,96,55
1018,2,0,331.69772373379203,1,223,17
1019,2,0,331.81475911431323,1,660,15
1020,2,0,332.716337506751,1,418,39
1021,2,0,333.09834821025856,1,2984,32
1022,2,0,333.2851535892396,1,1401,9
1023,2,0,333.4517259099353,1,2415,7
1024,2,0,333.47037620224114,1,4675,10
1025,2,0,333.7379956617419,1,1759,12
1026,2,0,334.0792806223741,1,1333,58
1027,2,0,334.38181535422075,1,78,12
1028,2,0,334.4899030652356,1,847,28
1029,2,0,335.1695270478832,1,520,8
1030,2,0,335.374809152905,1,640,7
1031,2,0,335.9288924462038,1,985,11
1032,2,0,335.932191724342,1,1003,13
1033,2,0,336.2705484193644,1,1075,52
1034,2,0,337.64180063614924,1,1667,9
1035,2,0,337.73139848240606,1,75,84
1036,2,0,337.75496593048376,1,1179,94
1037,2,0,337.917530284228,1,95,125
1038,2,0,338.10916411673963,1,288,24
1039,2,0,338.29310474456764,1,60,6
1040,2,0,338.3507328727544,1,47,10
1041,2,0,338.4774657595526,1,1386,7
1042,2,0,338.48345588167547,1,175,6
1043,2,0,338.7086925463829,1,1269,9
1044,2,0,339.8846461481918,1,198,21
1045,2,0,340.5273514176082,1,2629,14
1046,2,0,340.8604025795626,1,2462,8
1047,2,0,340.9455821363318,1,1147,29
1048,2,0,341.380359197305,1,385,11
1049,2,0,341.61709044670687,1,3579,7
1050,2,0,341.67616375828953,1,163,56
1051,2,0,341.99158962097937,1,569,54
1052,2,0,342.04769692519017,1,562,22
1053,2,0,342.24986836202703,1,1429,12
1054,2,0,342.9004026546527,1,1321,7
1055,2,0,343.0901421438283,1,3479,8
1056,2,0,343.21628361423916,1,2900,10
1057,2,0,343.6859070408117,1,1392,42
1058,2,0,344.23688870804835,1,24,94
1059,2,0,344.39843439767117,1,483,9
1060,2,0,344.4259050337853,1,575,7
1061,2,0,345.6499921951919,1,136,11
1062,2,0,345.66608647731675,1,6097,36
1063,2,0,346.5275333873557,1,1140,12
1064,2,0,346.7146982604373,1,7437,12
1065,2,0,347.5818289053392,1,6,10
1066,2,0,347.9335600863255,1,1384,30
1067,2,0,348.28636796846075,1,1705,7
1068,2,0,348.82880181644,1,2868,7
1069,2,0,348.9408151552939,1,35,14
1070,2,0,349.10822706335597,1,2640,11
1071,2,0,349.18672196815453,1,1084,11
1072,2,0,349.5815359312499,1,1172,61
1073,2,0,349.60478524914794,1,7420,9
1074,2,0,350.5976232852713,1,135,17
1075,2,0,351.21763221199166,1,3715,12
1076,2,0,351.43942198977453,1,150,9
1077,2,0,352.11633421635145,1,2900,25
1078,2,0,352.1623295305181,1,3136,21
1079,2,0,352.2247182098451,1,2089,13
1080,2,0,352.45587834498014,1,73,13
1081,2,0,352.5506034867461,1,1379,25
1082,2,0,352.562754910873,1,2734,10
1083,2,0,353.1397465817886,1,291,14
1084,2,0,353.6853991519756,1,997,12
1085,2,0,353.73583682366905,1,4474,6
1086,2,0,353.8562094234626,1,357,6
1087,2,0,353.8579222785049,1,1291,7
1088,2,0,353.960540660836,1,1772,11
1089,2,0,354.9071807953873,1,41,19
1090,2,0,355.1295202534083,1,7436,73
1091,2,0,355.48733824482525,1,336,8
1092,2,0,355.5987787080366,1,4745,30
1093,2,0,355.7626740256144,1,1667,14
1094,2,0,356.04431632790994,1,122,49
1095,2,0,356.0859294634624,1,967,676
1096,2,0,356.3344526306748,1,2065,28
1097,2,0,358.5457836085641,1,141,19
1098,2,0,358.87080925550663,1,135,6
1099,2,0,359.01755598205034,1,3118,9
1100,2,0,359.2889664050151,1,33,30
1101,2,0,359.5808279974136,1,2430,11
1102,2,0,359.6395391699924,1,3807,20
1103,2,0,359.73616441311003,1,1126,14
1104,2,0,359.8154355976378,1,982,8
1105,2,0,359.8980275589646,1,1051,10
1106,2,0,360.14187264140935,1,4332,9
1107,2,0,360.2211644437782,1,7432,24
1108,2,0,360.40283042739526,1,2948,9
1109,2,0,360.8256396164703,1,574,17
1110,2,0,361.32392915309526,1,1725,14
1111,2,0,361.6838343138695,1,3009,7
1112,2,0,361.70730528267995,1,2791,108
1113,2,0,361.8370188335565,1,50,13
1114,2,0,362.0115928916086,1,1698,16
1115,2,0,362.0793912331065,1,772,29
1116,2,0,362.3667777535925,1,742,29
1117,2,0,362.5525665391628,1,368,14
1118,2,0,362.6147886571809,1,1135,14
1119,2,0,363.34374451256747,1,1200,8
1120,2,0,363.48007475061524,1,7434,6
1121,2,0,363.94859615014417,1,7436,7
1122,2,0,364.7144842708685,1,7436,11
1123,2,0,364.81324656624827,1,1445,19
1124,2,0,365.077635602216,1,304,79
1125,2,0,365.4055594916148,1,2280,20
1126,2,0,365.7506929025324,1,54,72
1127,2,0,365.96481770160534,1,2758,39
1128,2,0,366.32880939049005,1,1815,16
1129,2,0,366.4401798282231,1,491,20
1130,2,0,366.46989582077947,1,5462,10
1131,2,0,367.62084516208773,1,82,17
1132,2,0,368.6691171251766,1,3380,85
1133,2,0,368.83804503227566,1,675,11
1134,2,0,369.00255931616164,1,2298,74
1135,2,0,369.4921259074324,1,2571,10
1136,2,0,369.5827494891874,1,869,13
1137,2,0,370.1713804373233,1,4653,125
1138,2,0,370.45961362189365,1,2168,7
1139,2,0,370.5705032389867,1,4058,14
1140,2,0,370.6710553184293,1,2513,9
1141,2,0,370.78332761807593,1,3780,8
1142,2,0,370.92994998740704,1,7436,9
1143,2,0,371.02576661853874,1,1296,8
1144,2,0,371.1153436524735,1,1676,10
1145,2,0,371.2050199459351,1,3324,7
1146,2,0,371.34961113877154,1,158,51
1147,2,0,371.51027956231076,1,760,14
1148,2,0,372.31564435114655,1,555,14
1149,2,0,372.46504327025264,1,57,11
1150,2,0,372.79226203536905,1,2427,28
1151,2,0,372.97772910492137,1,2844,7
1152,2,0,373.29673741583423,1,2446,13
1153,2,0,373.5984128165849,1,1885,135
1154,2,0,373.9806984398537,1,2456,10
1155,2,0,374.1634771889296,1,117,11
1156,2,0,374.3429758034138,1,4682,6
1157,2,0,374.6743017380196,1,496,11
1158,2,0,374.67538674393296,1,910,6
1159,2,0,375.2637752957939,1,911,11
1160,2,0,375.2791308481675,1,658,7
1161,2,0,375.48371012075387,1,1292,15
1162,2,0,375.61099051513247,1,4361,10
1163,2,0,375.6230565113972,1,3665,49
1164,2,0,375.6697298858536,1,675,14
1165,2,0,375.7417799731869,1,5921,15
1166,2,0,376.4646012535204,1,2948,15
1167,2,0,376.48298739655417,1,7437,14
1168,2,0,377.1364104032036,1,1137,14
1169,2,0,377.445286894615,1,1200,12
1170,2,0,377.7959804267561,1,2472,10
1171,2,0,378.09671226731683,1,12,7
1172,2,0,378.29030937511936,1,5822,186
1173,2,0,378.3091959982122,1,345,6
1174,2,0,378.70310158078394,1,867,10
1175,2,0,379.12942075925963,1,6204,10
1176,2,0,379.2014310947386,1,875,74
1177,2,0,379.4312352928602,1,962,31
1178,2,0,379.9317824914336,1,842,9
1179,2,0,380.4180899376938,1,4879,17
1180,2,0,380.46111679974507,1,223,13
1181,2,0,380.6291093035409,1,1156,16
1182,2,0,381.20286335276944,1,2116,21
1183,2,0,381.25712403139084,1,1088,11
1184,2,0,381.787227599595,1,1841,192
1185,2,0,381.9409818618309,1,95,16
1186,2,0,382.06218880426115,1,3122,9
1187,2,0,382.5900268643462,1,3290,18
1188,2,0,383.3915868274295,1,5638,15
1189,2,0,383.62629731108046,1,1473,19
1190,2,0,383.73567706978116,1,573,11
1191,2,0,383.82964678215603,1,2851,52
1192,2,0,384.3223284957087,1,241,16
1193,2,0,384.82835118465186,1,2167,6
1194,2,0,385.04482292495237,1,1185,59
1195,2,0,385.1410691003313,1,1177,16
1196,2,0,385.5779409997904,1,1550,91
1197,2,0,386.2289034948466,1,4699,9
1198,2,0,387.0565686381002,1,7411,14
1199,2,0,387.1192422523706,1,3982,16
1200,2,0,388.1690631480238,1,694,33
1201,2,0,388.39634761053725,1,4556,6
1202,2,0,388.8943547038669,1,92,9
1203,2,0,389.0410383356805,1,22,31
1204,2,0,389.7799381979999,1,979,21
1205,2,0,389.7994790764193,1,596,25
1206,2,0,390.3221633884792,1,230,7
1207,2,0,391.20936997368733,1,327,61
1208,2,0,391.3022206998891,1,7435,14
1209,2,0,391.8783017290538,1,1282,16
1210,2,0,391.9453358094843,1,1707,14
1211,2,0,392.2776228298623,1,2134,15
1212,2,0,392.3316548052174,1,92,44
1213,2,0,392.54146256426895,1,2148,48
1214,2,0,393.4637755281406,1,103,11
1215,2,0,393.48686561415167,1,149,21
1216,2,0,393.6882356409407,1,2169,40
1217,2,0,393.86519991531435,1,1924,12
1218,2,0,393.91407630928785,1,2731,11
1219,2,0,394.1012553264165,1,7436,8
1220,2,0,394.162818519466,1,896,7
1221,2,0,394.7442497595716,1,189,9
1222,2,0,394.96798061337086,1,767,18
1223,2,0,395.09099546272176,1,652,18
1224,2,0,395.4103749100329,1,3686,10
1225,2,0,395.8146413700116,1,2601,173
1226,2,0,395.8330322489118,1,395,31
1227,2,0,396.25129548377635,1,2400,8
1228,2,0,396.43158315784035,1,1460,7
1229,2,0,396.890164003479,1,4195,53
1230,2,0,396.97059605320686,1,1550,15
1231,2,0,397.0991844259968,1,3003,14
1232,2,0,397.2029901953361,1,2422,17
1233,2,0,397.62026615168963,1,2842,35
1234,2,0,397.7439152211206,1,1101,10
1235,2,0,397.9834619795967,1,2072,6
1236,2,0,398.2358799282129,1,1028,8
1237,2,0,398.4869580486696,1,1653,9
1238,2,0,398.64366860290426,1,1033,9
1239,2,0,398.6466509528412,1,155,7
1240,2,0,399.039254422099,1,1750,21
1241,2,0,399.4489740113589,1,772,37
1242,2,0,399.50934639544613,1,1115,91
1243,2,0,399.5637102313576,1,138,9
1244,2,0,399.85742410048454,1,825,39
1245,2,0,399.8787537337057,1,1589,15
1246,2,0,400.36885354719874,1,3652,9
1247,2,0,400.74956366247,1,7436,19
1248,2,0,401.16575247182357,1,5480,7
1249,2,0,401.22742039782855,1,3495,9
1250,2,0,401.2565577130267,1,1664,14
1251,2,0,401.6618236656054,1,7436,6
1252,2,0,401.778471795175,1,334,6
1253,2,0,401.89064879487097,1,2426,69
1254,2,0,402.2063031362355,1,2231,13
1255,2,0,402.3731866051662,1,1535,7
1256,2,0,403.38348861627367,1,1364,13
1257,2,0,403.94784412039786,1,593,6
1258,2,0,404.49354182160283,1,739,8
1259,2,0,404.8426267246304,1,2487,11
1260,2,0,404.93023782249844,1,1750,13
1261,2,0,404.9608104433831,1,1159,8
1262,2,0,405.30535781305014,1,364,20
1263,2,0,405.353065419338,1,2795,10
1264,2,0,406.3815364623585,1,3987,11
1265,2,0,406.4938493768324,1,2081,35
1266,2,0,406.63843771579457,1,1658,13
1267,2,0,406.71364021440985,1,772,8
1268,2,0,406.75824675098096,1,2743,11
1269,2,0,407.21677517542383,1,1059,13
1270,2,0,407.2554562716354,1,397,40
1271,2,0,407.498806484299,1,509,20
1272,2,0,407.7072757887527,1,988,13
1273,2,0,408.3959400797559,1,7151,14
1274,2,0,408.47953423303903,1,1105,33
1275,2,0,409.2929667073712,1,2255,50
1276,2,0,409.4775824623652,1,1026,39
1277,2,0,409.8659344991011,1,6358,8
1278,2,0,409.93563282941363,1,7412,10
1279,2,0,410.0252335941056,1,46,20
1280,2,0,410.27254259224,1,522,19
1281,2,0,410.96696748179284,1,1689,43
1282,2,0,411.1861608835929,1,299,49
1283,2,0,412.58957401538726,1,7437,285
1284,2,0,412.78296439237363,1,183,10
1285,2,0,412.93166652507426,1,215,13
1286,2,0,412.9541689111291,1,1833,18
1287,2,0,413.535110406265,1,1490,9
1288,2,0,414.04449382998985,1,3910,13
1289,2,0,414.5521900144849,1,863,10
1290,2,0,415.2927607034393,1,334,12
1291,2,0,415.7111973149686,1,2314,18
1292,2,0,416.96292485715,1,3542,19
1293,2,0,417.9712836898807,1,7436,19
1294,2,0,418.2930718598875,1,699,9
1295,2,0,418.31565176254685,1,462,10
1296,2,0,418.5742928334904,1,730,14
1297,2,0,418.8321756005851,1,2012,20
1298,2,0,419.00228684956517,1,3251,19
1299,2,0,419.45636271769115,1,56,12
1300,2,0,419.84608946853734,1,1605,6
1301,2,0,420.0878588037529,1,151,23
1302,2,0,420.1309943543781,1,3020,6
1303,2,0,420.62405882608005,1,103,9
1304,2,0,420.82340823096473,1,4675,10
1305,2,0,420.97126968593653,1,2018,7
1306,2,0,421.0305006559986,1,6185,6
1307,2,0,421.1947927729859,1,96,11
1308,2,0,421.8138132620979,1,894,11
1309,2,0,421.89601002635925,1,2087,49
1310,2,0,422.17873432898216,1,6230,13
1311,2,0,422.19438044451346,1,833,7
1312,2,0,422.4203422357086,1,160,115
1313,2,0,422.4273344805088,1,1277,21
1314,2,0,422.4285528798993,1,2989,16
1315,2,0,422.8213461683922,1,6819,11
1316,2,0,423.13872498535187,1,3132,48
1317,2,0,423.4028525240123,1,1956,9
1318,2,0,423.63329363425817,1,480,13
1319,2,0,423.86795555925767,1,11,12
1320,2,0,424.28042020636326,1,982,6
1321,2,0,425.29141637444667,1,1385,22
1322,2,0,425.7767907715759,1,4574,18
1323,2,0,425.8950975341078,1,925,14
1324,2,0,426.0657148522764,1,442,74
1325,2,0,426.09055666789226,1,1569,10
1326,2,0,426.1845203276365,1,2119,19
1327,2,0,426.75800154114216,1,918,9
1328,2,0,426.8231166957602,1,11,11
1329,2,0,427.03994040272215,1,1803,6
1330,2,0,427.3524441666075,1,2400,25
1331,2,0,427.41972021794516,1,728,7
1332,2,0,427.7810354891344,1,782,8
1333,2,0,427.84429319380496,1,941,11
1334,2,0,428.53821917874495,1,1392,14
1335,2,0,428.65861399998425,1,625,8
1336,2,0,428.8356855460356,1,1397,12
1337,2,0,429.1825095803612,1,6426,36
1338,2,0,429.3169191020748,1,103,10
1339,2,0,429.4276617302507,1,5475,10
1340,2,0,430.12693197193465,1,311,6
1341,2,0,430.48468211776964,1,88,10
1342,2,0,431.3015581617339,1,165,12
1343,2,0,431.49539177771067,1,216,27
1344,2,0,431.84209150838853,1,771,36
1345,2,0,431.99735011197964,1,296,54
1346,2,0,432.32858615662826,1,2037,8
1347,2,0,433.0560784514325,1,29,7
1348,2,0,433.2109624774001,1,7098,824
1349,2,0,433.3740716055888,1,6229,23
1350,2,0,433.48498007544777,1,59,8
1351,2,0,435.32027238985563,1,625,18
1352,2,0,435.3489179149776,1,1655,10
1353,2,0,435.36251638222575,1,77,6
1354,2,0,435.42765553601834,1,7435,10
1355,2,0,435.59241447663743,1,204,44
1356,2,0,435.794628511378,1,572,11
1357,2,0,436.11966128927963,1,772,10
1358,2,0,437.2154963182369,1,1013,79
1359,2,0,437.40841613134734,1,897,6
1360,2,0,437.8131015807278,1,1349,9
1361,2,0,437.9420591997991,1,1864,39
1362,2,0,438.19149903344345,1,1369,31
1363,2,0,438.3343331391304,1,1343,343
1364,2,0,438.92821750259117,1,5847,17
1365,2,0,439.8489954448645,1,1656,24
1366,2,0,440.2358476096194,1,1500,824
1367,2,0,440.70496547822137,1,3196,9
1368,2,0,440.7253499881113,1,77,7
1369,2,0,440.99993550177356,1,853,7
1370,2,0,441.20028481395195,1,1498,79
1371,2,0,441.3739966554472,1,5473,66
1372,2,0,441.5132613745817,1,819,6
1373,2,0,441.52711475104127,1,1179,9
1374,2,0,441.53313676705454,1,2979,8
1375,2,0,441.93240154193734,1,847,18
1376,2,0,442.3613365279865,1,3335,15
1377,2,0,442.67363779366804,1,1064,208
1378,2,0,442.8241523069971,1,741,26
1379,2,0,443.01135194474176,1,36,16
1380,2,0,443.5333555212996,1,1967,20
1381,2,0,443.54010130467685,1,3866,6
1382,2,0,443.6952444865992,1,1456,6
1383,2,0,444.33523021212125,1,3710,15
1384,2,0,444.4461675023876,1,634,10
1385,2,0,444.4730460301254,1,954,17
1386,2,0,444.5495747723032,1,978,11
1387,2,0,444.78862329514027,1,1485,10
1388,2,0,444.96973535418607,1,120,13
1389,2,0,445.4737921050964,1,661,6
1390,2,0,445.6361229968083,1,620,9
1391,2,0,445.7210476629903,1,13,20
1392,2,0,446.14267187664774,1,1260,7
1393,2,0,446.9946346544796,1,944,8
1394,2,0,447.10332652122236,1,537,9
1395,2,0,447.7819412302126,1,842,7
1396,2,0,448.10352248342895,1,1885,19
1397,2,0,448.24531439430064,1,6426,10
1398,2,0,448.3131728777941,1,96,9
1399,2,0,448.379434633551,1,3809,81
1400,2,0,449.33286615143214,1,1880,19
1401,2,0,450.05293120302883,1,7436,14
1402,2,0,450.66231707172886,1,770,231
1403,2,0,451.0533445094953,1,3189,12
1404,2,0,451.3573590344658,1,904,34
1405,2,0,451.5651574048439,1,1310,16
1406,2,0,451.69835167761846,1,1835,40
1407,2,0,451.79037510461364,1,4462,46
1408,2,0,451.8653176370349,1,985,45
1409,2,0,452.0517281383137,1,1111,9
1410,2,0,452.4056593622031,1,1196,9
1411,2,0,452.49160399433293,1,1806,8
1412,2,0,452.5605079984955,1,484,19
1413,2,0,453.2041461757037,1,5040,49
1414,2,0,454.18318254925,1,2942,81
1415,2,0,454.20356882838973,1,2020,30
1416,2,0,454.2942549657164,1,1277,16
1417,2,0,454.4352211484629,1,7375,17
1418,2,0,454.497248761716,1,21,6
1419,2,0,454.8891635329096,1,6044,9
1420,2,0,454.9389332577756,1,311,103
1421,2,0,455.57625074428125,1,4991,12
1422,2,0,455.70970484474395,1,1406,14
1423,2,0,455.8144158195075,1,7091,8
1424,2,0,456.113750449516,1,2380,14
1425,2,0,456.13361614661443,1,717,25
1426,2,0,456.4213614331938,1,717,14
1427,2,0,456.78199966471686,1,615,9
1428,2,0,457.0578322916402,1,1555,9
1429,2,0,457.11552125658875,1,866,22
1430,2,0,457.16143886121085,1,3543,14
1431,2,0,457.36694924732666,1,135,7
1432,2,0,457.38391803297304,1,1321,13
1433,2,0,457.4305058852779,1,1280,27
1434,2,0,457.6585548575534,1,64,9
1435,2,0,457.6949264014551,1,2658,7
1436,2,0,457.74645033253546,1,1002,6
1437,2,0,457.8635647001573,1,7436,13
1438,2,0,458.46439359931765,1,1031,14
1439,2,0,458.494625860921,1,109,30
1440,2,0,459.58670526685154,1,4946,15
1441,2,0,459.92251439120054,1,3216,27
1442,2,0,460.7240268500538,1,1118,6
1443,2,0,460.8539283996405,1,312,7
1444,2,0,461.21604428063364,1,832,9
1445,2,0,461.3471954043442,1,596,13
1446,2,0,461.35258636668493,1,2985,11
1447,2,0,461.69704946929596,1,2771,9
1448,2,0,462.0888930060862,1,1282,20
1449,2,0,462.636099137783,1,527,8
1450,2,0,463.66436577485314,1,1795,69
1451,2,0,463.7704943739769,1,3538,7
1452,2,0,464.1294780474332,1,1039,15
1453,2,0,464.99753570256553,1,186,15
1454,2,0,465.3762950924193,1,247,12
1455,2,0,465.41571525777283,1,4868,7
1456,2,0,465.4765956391432,1,796,7
1457,2,0,465.72241352322055,1,1379,103
1458,2,0,465.85219571417514,1,81,13
1459,2,0,465.8602244523365,1,281,36
1460,2,0,465.8612668877151,1,2796,16
1461,2,0,466.14615560379815,1,3757,25
1462,2,0,466.5026652827444,1,1414,15
1463,2,0,466.60362767444985,1,3733,7
1464,2,0,466.9457240454556,1,1706,37
1465,2,0,466.98201567393784,1,67,13
1466,2,0,467.3207882948625,1,2140,9
1467,2,0,467.510192801983,1,1060,9
1468,2,0,467.561995196722,1,291,15
1469,2,0,468.6573418544228,1,1943,7
1470,2,0,468.8784217146285,1,3469,7
1471,2,0,468.9436349790921,1,496,7
1472,2,0,469.2644931766127,1,892,11
1473,2,0,469.543472472277,1,985,12
1474,2,0,469.5519623302425,1,391,6
1475,2,0,469.786032535308,1,573,9
1476,2,0,470.3194483076362,1,2358,37
1477,2,0,470.80552191358976,1,1779,8
1478,2,0,470.90327033320443,1,6097,48
1479,2,0,471.03920424153216,1,2794,54
1480,2,0,471.36703742661507,1,1300,231
1481,2,0,471.43974190106894,1,1584,7
1482,2,0,471.54019381746537,1,58,9
1483,2,0,471.86347911473246,1,3634,10
1484,2,0,472.15421555108276,1,77,21
1485,2,0,472.5370995442181,1,3165,9
1486,2,0,472.6195295102787,1,1000,12
1487,2,0,472.81284397914317,1,2290,33
1488,2,0,473.26076212442416,1,2424,33
1489,2,0,473.7126946796306,1,2723,10
1490,2,0,474.6504909530229,1,4107,40
1491,2,0,475.2902131980709,1,1131,15
1492,2,0,475.4274545604624,1,153,6
1493,2,0,475.4473886533794,1,1002,34
1494,2,0,475.53176403037645,1,59,34
1495,2,0,475.8721893683648,1,57,10
1496,2,0,477.5889017752197,1,3435,27
1497,2,0,477.9620098613446,1,2616,66
1498,2,0,478.7354731562718,1,1692,97
1499,2,0,478.8585088732441,1,45,10
1500,2,0,479.67063822988735,1,2628,112
1501,2,0,480.00316308349045,1,111,9
1502,2,0,480.08913678825445,1,286,11
1503,2,0,480.22007426852883,1,2445,76
1504,2,0,480.29720882054863,1,147,23
1505,2,0,482.08252862577433,1,1609,19
1506,2,0,483.0188978174772,1,1248,9
1507,2,0,483.15853038858313,1,227,11
1508,2,0,483.87999129954426,1,1914,20
1509,2,0,484.2934180066613,1,592,9
1510,2,0,484.4588328462948,1,1000,14
1511,2,0,484.57894617686173,1,151,13
1512,2,0,485.3083381315816,1,2087,10
1513,2,0,485.4231626556539,1,1763,13
1514,2,0,485.5713334678525,1,1803,16
1515,2,0,485.7705628897741,1,700,22
1516,2,0,486.08919584762225,1,2364,15
1517,2,0,486.2417829874484,1,1908,40
1518,2,0,486.5883149576112,1,20,7
1519,2,0,486.6653209467879,1,2363,11
1520,2,0,486.92063072789045,1,1000,6
1521,2,0,487.0670707213299,1,3251,10
1522,2,0,487.19375800925764,1,4592,13
1523,2,0,487.23324846178764,1,2612,21
1524,2,0,487.3343729656951,1,2297,9
1525,2,0,487.41188705297566,1,82,16
1526,2,0,487.63815787379696,1,1370,7
1527,2,0,487.7380362510808,1,130,36
1528,2,0,487.7899757397105,1,362,192
1529,2,0,488.56914223086414,1,74,53
1530,2,0,488.66402888893447,1,1650,82
1531,2,0,488.84350854190916,1,1599,13
1532,2,0,488.87952933057363,1,3937,15
1533,2,0,488.99607791814896,1,2316,130
1534,2,0,489.40387557231776,1,1189,6
1535,2,0,489.5744746170857,1,566,24
1536,2,0,489.69182943602476,1,62,6
1537,2,0,489.73425672914436,1,1393,13
1538,2,0,489.7370580545539,1,841,9
1539,2,0,489.79176528320795,1,439,15
1540,2,0,489.8406889440533,1,985,72
1541,2,0,489.97786094805764,1,256,10
1542,2,0,490.0122593999238,1,1032,11
1543,2,0,490.27861195611814,1,1067,42
1544,2,0,490.418029407665,1,1470,47
1545,2,0,490.43669453671174,1,596,8
1546,2,0,490.4685135024324,1,753,41
1547,2,0,490.73931305976646,1,1021,12
1548,2,0,490.7975503398037,1,1140,33
1549,2,0,490.8479854936448,1,2053,29
1550,2,0,490.8773051009682,1,160,8
1551,2,0,490.9627426943663,1,4067,10
1552,2,0,491.05093528528016,1,1397,6
1553,2,0,491.8250896507985,1,807,9
1554,2,0,491.8354710704734,1,1820,71
1555,2,0,491.91228260031374,1,4820,18
1556,2,0,491.9319355500385,1,2569,7
1557,2,0,492.5969592860997,1,3913,10
1558,2,0,493.44083644332164,1,161,145
1559,2,0,494.2392759417631,1,2009,17
1560,2,0,494.38859624148387,1,1349,13
1561,2,0,494.53766721657576,1,1263,51
1562,2,0,494.7126670451913,1,362,13
1563,2,0,495.2314365911689,1,4367,9
1564,2,0,495.6679917391798,1,6282,7
1565,2,0,495.8962019541482,1,10,9
1566,2,0,496.1762699884481,1,50,132
1567,2,0,496.39954220652186,1,2219,10
1568,2,0,496.54992893555334,1,1330,8
1569,2,0,496.61635480877806,1,2868,38
1570,2,0,496.74964679405423,1,2317,7
1571,2,0,497.015290830597,1,2128,35
1572,2,0,497.0232013168719,1,880,6
1573,2,0,497.04505047915336,1,456,7
1574,2,0,497.3134626831191,1,6541,38
1575,2,0,497.5430681905347,1,26,32
1576,2,0,498.1340132452791,1,260,9
